Ürün,Ağırlık,Ana Grup,Endeks_2024-12-31,Endeks_2025-01-06,Endeks_2025-01-07,Endeks_2025-01-09,Endeks_2025-01-10,Endeks_2025-01-11,Endeks_2025-01-12,Endeks_2025-01-13,Endeks_2025-01-14,Endeks_2025-01-15,Endeks_2025-01-16,Endeks_2025-01-17,Endeks_2025-01-18,Endeks_2025-01-19
Ampul,0.0009058711044920075,Ev eşyası,100,100.0,99.9990010615684,99.99737502011268,99.98475159879776,99.98475159879776,99.98530676351808,99.99080638375942,100.03130030906848,100.01291912683988,100.1761514731842,100.2718077433614,100.0685740329718,99.98937021458359
Ankastre Fırın,0.0003747680479691031,Ev eşyası,100,100.0,100.00032690307546,100.15314338545468,100.16523763002678,100.15283183605752,100.15283183605752,100.15829895870375,100.08785564022718,100.1110387928632,100.2993971384952,99.99490026185732,100.09996403917644,100.14801749484427
Ankastre Mikrodalga Fırın,0.0010058018287570085,Ev eşyası,100,100.0,99.99671765864694,99.99544310342044,99.97380848221825,99.91818773826084,99.84158965287072,99.83417803886644,99.94867722934248,99.8326922565323,99.78999006827766,99.71697526982072,99.91381660931988,100.28709604159056
Ankastre Ocak (Set Üstü) ,0.000714124951787506,Ev eşyası,100,100.0,100.0013161023126,100.05217367519442,100.05217367519442,100.04661037268188,100.05728507382295,100.105439417732,100.10535034901464,99.87890907769308,99.88833102744144,99.65003552252736,99.81895450477164,99.99076325836336
Antep Fıstığı,0.0006015944096280051,Gıda ve alkolsüz içecekler,100,102.4140162669608,102.4140162669608,102.4140162669608,102.4140162669608,102.4140162669608,102.4140162669608,102.4140162669608,102.4140162669608,102.4140162669608,102.4140162669608,102.4140162669608,102.4140162669608,102.4140162669608
Araba Kiralama Ücreti,0.0007552384863121063,Ulaştırma,100,100.0,100.0,63.00124658417147,63.00124658417147,63.00124658417147,63.00124658417147,63.00124658417147,63.00124658417147,63.00124658417147,63.00124658417147,63.00124658417147,63.00124658417147,63.00124658417147
Araçların  Tamirine ve Bakımına Ödenen Ücretler (İşçilik),0.001640470811487414,Ulaştırma,100,100.0,100.0,100.0,100.0,100.0,100.0,100.0,100.0,137.18033311105785,137.18033311105785,137.18033311105785,137.18033311105785,137.18033311105785
Armut,0.000712538601757906,Gıda ve alkolsüz içecekler,100,94.8707613208968,93.43297779249136,93.16246998018464,93.16246998018464,93.16246998018464,93.34951067665676,93.34951067665676,93.34951067665676,93.34951067665676,93.34951067665676,93.34951067665676,93.34951067665676,93.34951067665676
Ay Çekirdeği,0.0022096678169250187,Gıda ve alkolsüz içecekler,100,99.98532163326712,99.98532163326712,99.98532163326712,99.98532163326712,99.98532163326712,100.0,100.0,100.0,100.0,100.0,100.0,100.0,100.0
Ayakkabı (Erkek için),0.002820320942303824,Giyim ve ayakkabı,100,100.0,99.99933045050749,100.0010243060006,100.01314564381016,100.02780725902932,100.01872660315884,100.01872660315884,100.05956861043192,100.10915040901943,100.08760448016449,99.9850055300214,100.01318268453046,100.05871181528204
Ayakkabı (Kadın için),0.0024065491731382204,Giyim ve ayakkabı,100,100.0,100.0,100.00064832166552,100.00179422621224,100.00179422621224,100.00179422621224,100.00179422621224,99.93984606679716,99.93400041027712,99.79084106902056,99.72885635921112,99.69367697908886,99.67434875704215
Ayakkabı (Çocuk için),0.0006466365484763054,Giyim ve ayakkabı,100,100.0,100.04885092997672,100.30467134790092,100.44669798991636,100.44634422851584,100.17431122218368,100.10509841727026,100.17545233855894,100.0685133446994,99.98073339774132,99.98073339774132,99.98073339774132,99.98073339774132
Ayakkabı Tamiri (Erkek),6.060665974277555e-05,Giyim ve ayakkabı,100,100.0,100.0,100.0,100.0,100.0,100.0,100.0,100.0,100.0,100.0,100.0,100.0,100.0
Ayran,0.0005518013080810047,Gıda ve alkolsüz içecekler,100,100.2984467970368,100.3755910058386,100.39859244002136,101.3754842181471,101.78461699433204,101.78461699433204,104.11200758580075,104.11200758580075,106.42842236598098,106.82723754641955,106.82723754641955,106.82723754641955,106.82723754641955
Ayran (Servis edilen),0.0014179616397794119,Lokanta ve oteller,100,100.0,99.99999999999996,103.40938641662078,103.40938641662078,103.40938641662076,103.40938641662078,103.40938641662078,103.40938641662078,103.40938641662076,103.40938641662078,103.40523416562458,99.90298003207224,95.09705832150419
Ayva,0.0002643530255020022,Gıda ve alkolsüz içecekler,100,98.99165709968882,98.99165709968882,103.30503661314296,98.19558863990916,98.19558863990916,86.38943901366824,86.38943901366824,86.38943901366824,86.38943901366824,86.38943901366824,86.38943901366824,86.38943901366824,86.38943901366824
Ayçiçek Yağı,0.008493814799348172,Gıda ve alkolsüz içecekler,100,100.26682512555278,100.7975286790609,100.70698418914918,100.70698418914918,100.83627198325313,100.83627198325313,100.83627198325313,100.83627198325313,100.83627198325313,101.28139018963071,101.28139018963071,101.28139018963071,101.28139018963071
Ağız ve Diş Bakımı Ürünleri,0.0015673501175333133,Çeşitli mal ve hizmetler,100,100.0,100.01341271082252,100.00240336523152,100.00394919129008,100.01543021549068,100.01044838524388,100.00689312806084,100.07002008228888,100.04457530639117,100.08978229406968,100.08988328928874,100.01934838734606,99.99903841149359
Badana ve Boya Malzemeleri,0.004325132043294236,Konut,100,100.0,100.01045773567976,99.99013386025018,99.96962788236532,99.97714305042314,100.00437140139476,100.04727664759476,100.1476863095854,100.18640499583408,100.490698367871,100.51424262959168,100.6369252801392,100.55251009660181
Badem İçi,0.0005400149959559046,Gıda ve alkolsüz içecekler,100,100.0,100.0,100.41015376166956,100.0,100.0,100.0,100.0,100.0,100.0,100.0,100.0,100.0,100.0
Baharat,0.0016218121847707137,Gıda ve alkolsüz içecekler,100,99.10242258212416,99.162057103386,99.18259423900768,99.20370763561203,99.25272573747408,99.3624795946167,99.3624795946167,99.3624795946167,99.45201298659843,99.45201298659843,99.45201298659843,99.45201298659843,99.45201298659843
Baklava,0.0038608782950380325,Gıda ve alkolsüz içecekler,100,100.26657234313984,100.26657234313984,100.26657234313984,100.26657234313984,100.26657234313984,100.26657234313984,101.0388824948556,101.0388824948556,101.0388824948556,101.0388824948556,105.65085729503804,106.34684818549758,106.34684818549758
Bal,0.0015157733077734129,Gıda ve alkolsüz içecekler,100,100.0,100.0,100.0,100.0,100.0,100.0,100.19913210219372,100.19913210219372,100.19913210219372,100.19913210219372,100.19913210219372,100.19913210219372,100.19913210219372
Balık,0.0032818114311708277,Gıda ve alkolsüz içecekler,100,100.87166670500658,99.45958355463564,102.6559709546309,105.02586976771715,105.02586976771715,104.7677053696629,105.19360891029967,105.19360891029967,104.89782101855464,104.26127809645683,104.26127809645683,103.95364364158225,103.95364364158225
Banka ile Para Havale Ücreti,5.271757850562124e-05,Çeşitli mal ve hizmetler,100,100.0,100.0,100.0,100.0,100.0,100.0,100.0,100.0,100.0,100.0,100.0,100.0,100.0
Battaniye,0.0002238057931011019,Ev eşyası,100,100.0,100.03349237979542,100.0033265747332,100.00635210259446,100.025143437145,100.02913740786228,100.02839053431998,100.16531561165456,100.01480332107832,100.36052210127436,100.31984723977855,100.35131632350895,100.32672334445758
Bebek Arabası,0.0016047809337441134,Çeşitli mal ve hizmetler,100,100.0,102.94914829825976,101.85835380752118,101.71931382826251,101.51682625054198,101.63943297460288,101.791298657146,101.791298657146,101.791298657146,101.791298657146,101.791298657146,101.791298657146,101.791298657146
Bebek Bezi,0.004528812015155738,Çeşitli mal ve hizmetler,100,100.0,99.9694859715954,100.10333304846458,100.101436020869,100.0773895663022,100.11457576281136,100.1378436178212,100.21120961944573,100.10536647502292,100.0918113869444,99.98624082592274,99.75624657873637,99.7798441257271
Bebek Pijaması,0.0004025993175977034,Giyim ve ayakkabı,100,100.0,100.0,100.02963338239104,100.12037185564128,100.18528271859898,100.18528271859898,100.20116766573456,99.64190477995844,99.23132628590736,98.95668532797612,98.94150092605142,98.584525916839,98.4610089529729
Bebek Sütü (Toz Karışım),0.0011243566534626095,Gıda ve alkolsüz içecekler,100,100.00937108107335,100.00937108107335,99.91481602023762,99.91481602023762,99.91481602023762,99.91481602023762,99.91481602023762,99.91481602023762,99.91481602023762,99.91481602023762,99.91481602023762,99.91481602023762,99.91481602023762
Bebek Tulumu,0.0004112264267714035,Giyim ve ayakkabı,100,100.0,100.00583057576652,100.00468260993908,100.00312777154976,99.999314423698,99.999314423698,99.99940505183692,99.97913129956854,99.99359244863172,100.19438236900685,100.12734090656112,100.02855983125316,100.0288005028603
Bebek İç Çamaşırı,0.000596216455530105,Giyim ve ayakkabı,100,100.0,100.02119556482782,100.257070822018,100.257070822018,100.20064304520928,100.20262934217548,100.20262934217548,100.20262934217548,100.42531980741154,100.51872754749304,100.48293658718696,100.26274281323748,100.1820770332011
Belediye Otobüs Ücreti,0.002116975145062618,Ulaştırma,100,100.0,100.0,100.0,100.0,100.0,100.0,100.0,100.0,100.0,100.0,100.0,108.9548318950074,108.9548318950074
Benzin,0.013615876507149615,Ulaştırma,100,102.09782104775154,105.01564673157164,105.03303198887347,105.03303198887347,105.03303198887347,105.03303198887347,105.03882707464072,105.03882707464072,105.05621233194252,105.05910987482616,105.0620074177098,105.0620074177098,105.0620074177098
Beyaz Lahana,0.0005116255376908044,Gıda ve alkolsüz içecekler,100,90.46099843653352,90.46099843653352,106.22641885306248,106.22641885306248,106.22641885306248,106.22641885306248,106.22641885306248,106.22641885306248,106.22641885306248,106.22641885306248,106.22641885306248,106.22641885306248,106.22641885306248
Beyaz Peynir,0.009911274545864383,Gıda ve alkolsüz içecekler,100,100.0043257881532,100.0043257881532,101.0335082865583,101.0335082865583,101.16469001751544,101.16469001751544,101.45659972855638,101.45659972855638,102.05746480751311,102.12462196583576,102.46328279171418,102.46328279171418,102.46328279171418
Bilgisayar,0.0018297643042216153,Eğlence ve kültür,100,100.0,100.01143180722369,100.01347290794656,100.00894519743588,100.00730757841625,100.00444671192228,100.00373951205336,100.04491660286244,100.00891327016495,100.01320801445868,99.91881711288514,99.8075063593978,99.81517553014463
Bilgisayar Ekipmanları,0.0010114891165787085,Eğlence ve kültür,100,100.0,100.00000682537872,100.00069362360996,100.00142492047954,99.9997482632342,99.9995567870116,100.00623908927832,100.02927971095184,99.9954593576545,99.99990988725628,99.90783539665742,99.85929479863442,99.9083766060688
Bisiklet,0.0007172838034243061,Ulaştırma,100,100.0,97.83276561212708,97.34933156892176,96.1510583074027,94.66887256345775,97.37298394929498,97.3211390239762,97.5099727760609,87.38576857318392,88.37418120476715,98.08525605840693,99.01966856482092,101.38428072984452
Bisküvi,0.003107166515562426,Gıda ve alkolsüz içecekler,100,100.65308653202094,100.65501314827311,101.88695134901884,101.96103016030376,101.96103016030376,102.0476326802021,102.0476326802021,102.8614009879822,102.8614009879822,102.88740144927364,102.88740144927364,104.0244485672856,104.0244485672856
Bitki ve Meyve Çayı (Poşet),0.00012601501969390107,Gıda ve alkolsüz içecekler,100,100.40676801292408,100.40676801292408,100.40676801292408,100.40676801292408,100.40676801292408,100.40676801292408,100.40676801292408,100.40676801292408,100.40676801292408,100.40676801292408,100.40676801292408,100.40676801292408,100.40676801292408
Bot (Erkek için),0.0007938775348728068,Giyim ve ayakkabı,100,100.0,100.02357617101678,100.01964902201978,100.02095770256682,100.00235369740771,99.98873686273488,99.99213269467576,100.00873085009326,99.86427280606904,99.59513549133696,99.71661739952066,99.76099853724196,99.50942497129287
Bot (Kadın için),0.0014534242780228123,Giyim ve ayakkabı,100,100.0,100.0,99.97825818073385,99.9667570714408,99.96161093922773,99.96450111941571,99.9639963918432,100.04950622705655,99.70961192779887,99.76988630742908,99.90652091498006,99.3292447019744,98.96846107021312
Bot (Çocuk için),0.0006906372497706058,Giyim ve ayakkabı,100,100.0,100.0,99.99825209279535,100.014620841437,100.014620841437,100.00059554851728,99.9903590051863,100.10813484982744,100.01290492849068,99.69675044769288,99.39898391990636,99.11701899458149,98.99946927675535
Bulaşık Bezleri,0.00018447676709270155,Ev eşyası,100,100.0,100.02058966790796,100.0121856936874,99.99973203210536,100.0014170426222,100.0014170426222,99.98052173486272,99.98020303550184,100.14202898524135,99.78061181327084,99.78312365140356,99.68809158188468,99.68454108136946
Bulaşık Makinesi,0.002998700558494125,Ev eşyası,100,100.0,100.01764147211536,99.99416051738052,100.00718376849838,99.93812509552288,99.91257208772916,99.95242094069188,100.01764533250125,99.9154386056303,99.97316113329995,99.86442559247774,99.88709034146623,99.81254373898997
Bulaşık İçin Temizlik ve Bakım Ürünleri,0.004853716383119641,Ev eşyası,100,100.0,100.02911439665527,100.02458820632292,100.0283425203728,100.01855170410242,100.0522370864096,100.05259892907198,100.05247110769064,100.1150076535392,100.19704308559882,100.39267569430274,100.61322661754136,100.53344926661784
Bulgur,0.0013366615276891112,Gıda ve alkolsüz içecekler,100,101.05222925912484,101.05180219275246,101.66790521877364,101.66790521877364,101.66790521877364,101.64378852714589,101.64378852714589,101.64378852714589,101.64378852714589,101.9474121307529,101.9474121307529,101.9474121307529,101.9474121307529
Burgerler,0.011499021820963597,Lokanta ve oteller,100,100.0,100.0,101.88298860172686,101.88298860172686,102.06705729629562,102.06705729629562,102.06705729629562,102.06705729629562,102.06705729629562,102.06705729629562,102.06705729629562,102.06705729629562,102.06705729629562
Buğday Unu,0.0045706332845841385,Gıda ve alkolsüz içecekler,100,101.11480888200904,101.11480888200904,101.34854315678096,101.34854315678096,101.34854315678096,101.34854315678096,101.34854315678096,101.34854315678096,101.34854315678096,101.34854315678096,101.34854315678096,101.34854315678096,101.34854315678096
Cam Ev Eşyası,0.0012817195006095108,Ev eşyası,100,100.0,100.03606781008436,100.02291278180688,99.97286291791892,100.03606055698732,100.05696509714652,100.05362809925047,100.160032243826,100.13012997926334,100.9576227152279,100.851497312008,100.4489449638906,100.4204549432922
Ceket (Erkek için),0.000949764440284508,Giyim ve ayakkabı,100,100.0,99.98888855071198,99.98227487743571,99.98414981566688,99.98215933003306,99.9767641576582,99.97028704845944,99.96596101861644,100.00347584943876,99.62661436748438,99.53659378491454,99.3230911504951,99.26253309654967
Ceket (Kadın için),0.000839813798711507,Giyim ve ayakkabı,100,100.0,99.99902999689724,100.00334167931406,100.00187602308108,100.00387707062164,100.00747750526769,100.00777408327107,99.93036585378854,99.78670237183728,99.63524194870531,99.127522416438,99.25750722009543,99.10627346997715
Cep Telefonu Görüşme Ücreti,0.020636057165098573,Haberleşme,100,100.0,100.0,100.0,100.0,99.99999999999996,100.0,100.0,100.0,100.0,99.99999999999996,100.0,100.0,100.00000000000003
Ceviz İçi,0.002474514051789421,Gıda ve alkolsüz içecekler,100,100.0,100.0,100.94271002057364,100.0,100.0,100.0,100.0,100.0,100.0,100.0,100.0,100.0,100.0
Cilt ve Vücut Ürünleri,0.0020950406525848176,Çeşitli mal ve hizmetler,100,100.0,100.01527632990698,99.98896988943248,100.02251626510974,100.0161649841654,100.00625738966264,100.00433927351052,100.01635819769356,99.87653420138524,99.84200826767152,99.83808556941504,99.7689462489813,99.72898424749515
Cipsler,0.0019315820133959164,Gıda ve alkolsüz içecekler,100,99.958710551034,99.958710551034,99.958710551034,99.958710551034,99.958710551034,99.958710551034,99.958710551034,100.08937026776232,100.08937026776232,101.9087283892816,101.95211901956952,101.95211901956952,101.95211901956952
Dana Eti,0.02769582479241743,Gıda ve alkolsüz içecekler,100,100.71966177131524,100.88070090565888,100.46194026610948,99.93449889385792,99.93449889385792,99.8889607341918,99.8889607341918,99.8889607341918,99.8889607341918,99.8889607341918,99.8889607341918,99.8889607341918,99.8889607341918
Davlumbaz,0.0002762023892307023,Ev eşyası,100,100.0,100.06682757612344,100.20656006141216,100.20656006141216,100.21417952780456,100.21122910062074,100.2120438758174,100.24070638701974,100.28376236397985,100.31949424333004,100.24987466539125,100.24783671956968,100.2249186606676
Deodorant,0.0006042158346701051,Çeşitli mal ve hizmetler,100,100.0,102.24232002284472,102.48702389926542,103.11557804992545,101.80893857161452,101.8197771631892,102.88757079108586,102.88757079108586,102.88757079108586,102.88757079108586,102.88757079108586,102.88757079108586,102.88757079108586
Dereotu,0.0001651734377860014,Gıda ve alkolsüz içecekler,100,99.2373825444468,100.0,101.5317345122905,99.5175247553802,99.5175247553802,99.5175247553802,99.5175247553802,93.88813929331911,93.88813929331911,93.88813929331911,93.88813929331911,93.88813929331911,93.88813929331911
Derin Dondurucu,0.0029925542462555252,Ev eşyası,100,100.0,100.02903278355812,100.0514885005627,100.03300860886478,100.0712624366016,100.09512785861384,100.1108883899658,100.2458816018712,100.1421216031176,100.01729222336556,99.94278223645374,99.76426602330608,100.01757206668239
Diğer Kitaplar,0.0016955657829744143,Eğlence ve kültür,100,100.0,100.00672103452682,100.00734365626438,100.01009457282971,99.99852801748249,99.99692194773782,99.9972905110439,100.05224459218104,99.88886556128656,99.95227145203212,100.00093171929733,100.06903307651888,100.10869615428557
Dolmalık Biber,0.0006246788145354053,Gıda ve alkolsüz içecekler,100,101.07074435292944,101.07074435292944,99.6130836606983,99.6130836606983,99.6130836606983,99.6130836606983,99.6130836606983,100.50031455175365,100.50031455175365,100.50031455175365,101.0707443529294,101.0707443529294,101.0707443529294
Domates,0.009642543594296981,Gıda ve alkolsüz içecekler,100,98.5505088254986,98.3860949013606,102.95312808632032,102.05341877064149,100.97879979233224,100.97879979233224,100.94108678917138,98.7812187636515,98.48311102358672,98.09941111179155,97.44492951974962,97.4838501855697,97.4838501855697
Dondurma,0.0014304885369072122,Gıda ve alkolsüz içecekler,100,101.43737842292455,101.43737842292455,101.5379701470663,101.61673559699668,103.02684604021864,103.02684604021864,103.02684604021864,103.23239279174086,103.23239279174086,103.23239279174086,103.36325625785014,103.36325625785014,103.36325625785014
Doğalgaz Ücreti,0.030864632641523962,Konut,100,100.0,100.0,100.0,100.0,100.0,100.0,100.0,100.0,100.0,100.0,100.0,100.0,100.0
Ekmek,0.026654167299814426,Gıda ve alkolsüz içecekler,100,100.0,100.24781429581591,99.99452417274443,99.99452417274443,99.99452417274443,99.99452417274443,99.99452417274443,99.99452417274443,99.99452417274443,100.56494526255273,101.0830482529683,101.0830482529683,101.0830482529683
Ekmek Hamuru (Yufka),0.0011310247393615095,Gıda ve alkolsüz içecekler,100,101.4335330278928,101.4335330278928,101.4335330278928,101.4335330278928,101.4335330278928,101.4335330278928,101.4335330278928,101.4335330278928,101.4335330278928,101.4335330278928,101.4335330278928,101.4335330278928,101.4335330278928
Ekmekarası Yiyecekler (Döner),0.012366466217665803,Lokanta ve oteller,100,100.0,100.0,100.0,100.0,100.0,100.0,100.0,100.0,100.0,100.0,100.0,100.0,100.0
Elbise (Kadın için),0.0045718806105912385,Giyim ve ayakkabı,100,100.0,100.0,99.99766747150002,99.99766747150002,99.98549861412344,99.98672900299248,99.96931564377404,99.9573050132459,100.03999828592704,100.25935304375142,99.8879078014594,100.01945007818526,99.98810221482756
Elbise (Çocuk için),0.0007216188348738061,Giyim ve ayakkabı,100,100.0,100.0,100.0103747945938,100.0233798601705,100.03311294077082,100.02647388069246,100.02647388069246,99.98304045177852,99.9477648559257,100.00033061158786,100.2011171885164,100.07983883816198,100.10885154388012
Elektrik Ücreti,0.02138398296835008,Konut,100,100.0,100.0,100.0,100.0,100.0,100.0,100.0,100.0,100.0,100.0,100.0,100.0,99.99999999999997
Elektrikli Kesici Aletler (Blender),0.0007777333953879066,Ev eşyası,100,100.0,100.02020660392232,100.00772856171854,100.00854197436992,99.9791766621906,99.96754214189812,100.10578239084944,100.10578239084944,100.15423976248977,100.11638269182454,99.91966664396251,99.82835012459766,99.96192221237001
Elektrikli Küçük Ev Aletleri (Tost Makinası),0.0004910651048512042,Ev eşyası,100,100.0,100.04388923530654,100.08593140192212,100.09075238358186,100.08494946868784,100.0908959010511,100.08898624812753,100.3024025777988,100.65469621684052,100.96948113956762,101.14444694360208,102.29477301690896,102.16269974788031
Elektrikli Saç Bakım Aletleri,0.0005581700210696047,Çeşitli mal ve hizmetler,100,100.0,100.01285249606934,100.02919523737108,100.03372828493528,100.0326046774722,100.03910278169694,100.01087647087118,100.15643210748054,100.1159283498014,100.58697336783192,100.45665335761448,100.32364745080208,100.50408225363942
Elektrikli Süpürge,0.0030123481672395254,Ev eşyası,100,100.0,100.0077295334451,100.02216930534752,100.03028197540633,100.02119671410216,99.9811079453312,100.0153446335526,100.0411722352262,99.88591862300215,99.78470917709885,99.7336447481228,99.52768672815436,99.47246265637226
Elma,0.002979210173636925,Gıda ve alkolsüz içecekler,100,101.6318090883026,101.6318090883026,102.66352326435836,101.87467540016364,101.87467540016364,102.7013696104988,102.94282732304352,103.55476169912616,103.44077277673992,103.24901633004208,103.24901633004208,103.24901633004208,103.24901633004208
Erkek Berberi,0.0033770373235289287,Çeşitli mal ve hizmetler,100,100.0,100.0,100.0,100.0,100.0,100.0,100.0,100.0,100.0,100.0,100.0,100.0,100.0
Erkek Mont,0.0015928452557888134,Giyim ve ayakkabı,100,100.0,100.0093115605009,99.9993008821369,99.99977349858828,100.0106046662823,100.00174987516748,100.0046489248296,99.95796053813648,99.75889132449058,99.50122658750088,99.20892359908169,99.0651337894754,99.17038676252436
Etek,0.001420582966828312,Giyim ve ayakkabı,100,100.0,100.00221048741652,100.0193890344294,99.9876090361702,99.97932360654087,99.9659904235934,99.96602308698957,99.99755008158992,99.96872011584738,100.43443198997356,99.9823560667725,99.75986405048604,99.45294517882041
Evcil Hayvanlar İçin Gıda Harcamaları,0.0022187855537508187,Eğlence ve kültür,100,100.0,100.00309713462114,100.00809627659244,100.01711575317395,100.01635478083958,100.010663812341,100.01518083443392,100.08354964385909,100.09111433038284,100.22913186533752,100.52385397644564,100.48193691326254,100.28104070511172
Eşarp,0.001303968737119011,Giyim ve ayakkabı,100,100.0,99.99924309754196,100.00925227057874,100.00862439512348,100.01454199251845,100.01087732121891,100.01710311587028,100.08782995441966,100.01130095156785,99.91407695400028,99.87575734009826,99.89010081231628,99.94446249426109
Eşofman (Erkek için),0.0009729893081338082,Giyim ve ayakkabı,100,100.0,99.99912072993835,99.99676343914334,99.9971227499282,100.0096693522646,100.01577649195504,100.01517198001731,100.03588047061298,99.92443750420114,100.59852107267962,99.8209702025462,99.42713726823206,99.3255537910437
Eşofman (Kadın için),0.0011149816389040093,Giyim ve ayakkabı,100,100.0,100.00780845504138,100.0083496730235,100.0087235406878,100.0087235406878,100.00799892906689,100.00799892906689,99.93059713214008,99.77652556845769,99.673621608261,99.52407258882889,99.1737608137544,98.93031237555304
Eşofman (Çocuk için),0.0016307859118306137,Giyim ve ayakkabı,100,100.0,99.99467963802084,99.98167534308128,99.98189000135773,99.9744654465038,99.95676987685331,99.94341654549268,100.01113490200947,99.8661591891426,99.47224168299404,99.00451526960322,99.03020571449332,99.11946617863337
Fındık Ezmesi,0.00014925954325710125,Gıda ve alkolsüz içecekler,100,100.51229302802815,100.51229302802815,100.51229302802815,102.13004630156249,102.13004630156249,102.13004630156249,102.13004630156249,102.13004630156249,102.13004630156249,102.13004630156249,102.13004630156249,102.3992633984996,102.3992633984996
Fındık İçi,0.0009007824943643076,Gıda ve alkolsüz içecekler,100,100.0,100.0,100.0,99.09466144368096,99.09466144368096,99.09466144368096,99.09466144368096,99.09466144368096,99.09466144368096,99.09466144368096,99.09466144368096,99.09466144368096,99.09466144368096
Gazoz Meyveli,0.000709171230657606,Gıda ve alkolsüz içecekler,100,100.0,100.1661017160918,100.0838828080778,100.0838828080778,100.41379112342756,100.41379112342756,100.41379112342756,100.41379112342756,100.41379112342756,100.41379112342756,100.41379112342756,100.41379112342756,100.41379112342756
Genç Odası Takımı,0.0009173619281286077,Ev eşyası,100,100.0,99.98221278250506,99.97292906254977,99.97292906254977,99.97869426062186,99.98767395918333,99.98767395918333,100.13033615885942,99.47831127703232,99.42732241851527,99.46702685961226,99.43517746543198,99.43418059681643
Gofret,0.001660080479672814,Gıda ve alkolsüz içecekler,100,99.9857204817202,99.9857204817202,100.33282274752771,100.5122015544745,100.5122015544745,100.5334451206188,100.5334451206188,100.9202276172589,100.9202276172589,100.96458448630456,100.96458448630456,101.71845933601338,101.71845933601338
Gömlek (Erkek için),0.0029011683847101244,Giyim ve ayakkabı,100,100.0,100.00816501029313,100.0335154828968,100.02546650956684,100.02546650956684,100.0158447483634,100.01988762418944,99.9668867417636,99.84292277109556,100.16843767832304,99.9053960181232,99.47040478776218,99.53279989976095
Gömlek (Kadın için),0.001400967734953612,Giyim ve ayakkabı,100,100.0,99.98962282138346,99.93572383215027,99.94564329479893,99.93879616096402,99.96846484687931,99.9707667823117,99.9647476209186,100.11550063403976,100.49603437291992,100.01951534202148,99.84012956503142,99.69420561997795
Gömlek (Çocuk için),0.0003648408929978031,Giyim ve ayakkabı,100,100.0,100.0,99.9710239613847,99.9710239613847,99.92403197923576,99.94615073427413,99.94594308381188,99.91717967774714,100.01817626721666,99.89454250768723,99.83461022435569,99.74996625354912,99.79556337042408
Gündelikçi Ücreti,0.004879399197347041,Ev eşyası,100,100.0,100.0,100.0,100.0,100.0,100.0,100.0,100.0,140.56338087349224,140.56338087349224,140.56338087349224,140.56338087349224,140.56338087349224
Halı,0.001766456912725415,Ev eşyası,100,100.0,100.04297169075856,100.06361856294605,100.00800132520487,99.99171203970164,100.0003607270903,100.0191948379682,100.12155952753484,100.23164289333845,100.24946885715126,100.15787922565612,100.8494198480318,101.08310010318554
Halı Temizleme,0.0010179088909668087,Ev eşyası,100,100.0,100.0,100.0,100.0,100.0,100.0,100.0,100.0,119.16005458897284,119.16005458897284,119.16005458897284,119.16005458897284,119.16005458897284
Havlu,0.0006603483124643056,Ev eşyası,100,100.0,100.02183688698724,100.03258580685836,100.03258580685836,100.03895604588492,100.02716582168458,100.0277398133935,100.05972134279052,99.99388310610176,100.93070291994758,100.68715925719732,100.47013752133522,100.43552954850995
Havuç,0.000951547165424608,Gıda ve alkolsüz içecekler,100,102.17768665797335,104.072078831981,104.072078831981,104.072078831981,104.072078831981,104.072078831981,104.072078831981,103.00477336753184,103.00477336753184,103.00477336753184,103.00477336753184,103.00477336753184,103.00477336753184
Hazır Et Yemekleri,0.0012605415413087105,Gıda ve alkolsüz içecekler,100,99.4583943332539,99.4583943332539,99.4583943332539,99.4583943332539,99.4583943332539,99.4583943332539,99.4583943332539,99.4583943332539,99.4583943332539,99.4583943332539,99.4583943332539,99.4583943332539,99.4583943332539
Hazır Kahve,0.0008373697425785071,Gıda ve alkolsüz içecekler,100,102.3293899551316,102.3293899551316,102.3293899551316,102.53103160954592,102.70839254504168,102.70839254504168,102.70839254504168,102.70839254504168,102.70839254504168,102.81513235065012,102.81513235065012,102.81513235065012,102.81513235065012
Hazır Pakette Toz Tatlılar (Puding),0.00027462364440420235,Gıda ve alkolsüz içecekler,100,100.80798924247549,100.80798924247549,100.80798924247549,100.9392281160462,100.9392281160462,100.9392281160462,100.9392281160462,100.9392281160462,100.9392281160462,100.9392281160462,100.9392281160462,100.9392281160462,100.9392281160462
Hazır Sütlü Tatlılar,0.0003052057167404026,Gıda ve alkolsüz içecekler,100,99.252055900827,100.60805107028736,100.517685972489,100.517685972489,100.517685972489,100.6385318426898,102.65550893814326,102.65550893814326,103.54708311020732,103.54708311020732,103.54708311020732,103.84764025400251,103.84764025400251
"Hazır Yemekler (Pilav, Kuru Fasulye)",0.01416225803347752,Lokanta ve oteller,100,100.0,100.0,100.0,100.0,100.0,100.0,100.0,100.0,100.0,100.0,99.722620454974,99.17016741314006,98.074425973215
Hazır Çorbalar,0.0004281699162150036,Gıda ve alkolsüz içecekler,100,100.1458214393906,100.1458214393906,100.1458214393906,100.1458214393906,100.1458214393906,100.29047296837123,100.29047296837123,100.29047296837123,100.29047296837123,100.29047296837123,100.29047296837123,100.29047296837123,100.29047296837123
Hijyenik Kadın Bağı,0.000955880696851608,Çeşitli mal ve hizmetler,100,100.0,100.13296232186148,100.20115943881316,100.19282717793516,100.03449966551015,100.0084916459609,100.00274734274034,100.00274734274034,100.0797087536469,100.02806475664208,99.3924566338052,99.76436656538804,99.8098174183654
Hijyenik Zeminler İçin Temizlik ve Bakım Ürünleri,0.0015275829525880128,Ev eşyası,100,100.0,100.01302469188884,100.02143596234772,100.03089406222604,100.01539692918864,100.0284515571854,100.0212404749224,100.14430693009012,100.2787266017729,100.3396905714777,100.37605489451936,100.24453745542436,100.17823308207468
Hırka (Kadın için),0.000840571770066707,Giyim ve ayakkabı,100,100.0,100.0,100.00306273663998,100.00188624349646,99.99472959133006,99.98375883622649,99.98872456279842,100.0281833237139,99.82083846163802,100.35169116193032,99.53376918643312,99.17161171252526,98.879500586398
Ispanak,0.0008747494531355074,Gıda ve alkolsüz içecekler,100,100.0,100.0,104.50487234255412,116.9453576661018,116.9453576661018,116.9453576661018,117.63188847302996,117.63188847302996,117.63188847302996,117.63188847302996,117.63188847302996,117.63188847302996,117.63188847302996
Kabak,0.0007279546132068061,Gıda ve alkolsüz içecekler,100,100.0,100.56276097042776,100.0,100.0,100.0,100.0,100.0,98.59927842490583,98.2766065395238,98.2766065395238,98.440057604505,98.440057604505,98.440057604505
Kabak Çekirdeği,0.00041806009358610354,Gıda ve alkolsüz içecekler,100,100.0,100.0,100.0,100.0,100.0,100.0,100.0,100.0,100.0,100.0,100.0,100.0,100.0
Kaban (Erkek için),0.000353870490196403,Giyim ve ayakkabı,100,100.0,100.00428575564388,99.98434788009378,99.95876991316808,99.94832073809518,99.93234049338746,99.92555992401093,100.01608025856456,99.86903803666212,99.72295396223018,99.58819314433256,99.07253157506344,99.05328112535447
Kaban (Kadın için),0.0012122539747490102,Giyim ve ayakkabı,100,100.0,99.99279583598263,100.00193045830216,100.02519344530548,100.01260002239042,100.01135060834554,100.01050396228833,100.1301571088392,99.91106612686352,99.71220375530024,99.19071337875772,98.78066582113084,98.64236229454366
Kaban Anorak (Çocuk için),0.00011016380075870093,Giyim ve ayakkabı,100,100.0,100.0,99.99300138339883,100.00540007389752,99.92387367195288,99.92681330786829,99.92599553055368,100.01179030614271,99.80554901392654,99.45986821010762,98.96652190115528,98.71770761226554,98.74404487950656
Kabartma Maddeleri,0.0002557618639581022,Gıda ve alkolsüz içecekler,100,100.0,100.0,100.0,100.0,100.0,100.0,100.0,100.0,100.0,100.0,100.0,100.0,100.0
Kadın Berberi,0.002881586579282824,Çeşitli mal ve hizmetler,100,100.0,100.0,100.0,100.0,100.0,100.0,100.0,100.0,100.0,100.0,100.0,100.0,99.99999999999997
Kahve,0.0012422374822491104,Gıda ve alkolsüz içecekler,100,100.38181093162284,100.53617324305576,100.81917179464396,100.91348002145388,101.0841276250725,101.0841276250725,101.0841276250725,101.0841276250725,101.0841276250725,101.0841276250725,101.0841276250725,101.23297291657477,101.23297291657477
Kakao,5.0844509672979984e-05,Gıda ve alkolsüz içecekler,100,103.21224588915668,103.21224588915668,103.21224588915668,103.21224588915668,103.21224588915668,103.21224588915668,103.21224588915668,103.21224588915668,103.21224588915668,103.21224588915668,103.21224588915668,103.21224588915668,103.21224588915668
Kakaolu Toz İçecekler,1.4811252278326382e-05,Gıda ve alkolsüz içecekler,100,99.96156484055136,99.96156484055136,99.96156484055136,99.96156484055136,99.96156484055136,99.96156484055136,99.96156484055136,99.96156484055136,99.96156484055136,99.96156484055136,99.96156484055136,99.96156484055136,99.96156484055136
Kalem,0.00044266273893700373,Eğlence ve kültür,100,100.0,100.00186920935693,100.0105807101806,100.00990176120784,100.01485582104551,100.02398084494244,100.0219952510629,100.0386500354395,100.0593582451629,100.06233450650878,100.27556193533684,100.30256091635428,100.36686762516241
"Kapı Aksesuarları (Anahtar, Kilit)",0.00047016518474870395,Ev eşyası,100,100.0,100.00746212506536,100.01010987171767,100.02201557345192,100.01849915511656,100.02040608595586,100.02226816821324,100.05069610880354,100.06717633522774,99.97870600001164,100.05592569370005,100.09918777459482,99.95926284111889
Kargo Gönderme Ücreti,0.0002715117624354023,Ulaştırma,100,100.0,100.0,100.0,100.0,133.46263626582547,133.46263626582547,133.46263626582547,133.46263626582547,133.46263626582547,133.46263626582547,133.46263626582547,133.46263626582547,133.46263626582547
Karnabahar,0.0005764692946528049,Gıda ve alkolsüz içecekler,100,94.6324657830586,94.6324657830586,95.5716373575279,95.5716373575279,95.5716373575279,95.5716373575279,95.5716373575279,89.78921348281149,85.78845683985139,85.78845683985139,85.78845683985139,85.78845683985139,85.78845683985139
Karpuz,0.003060926670063826,Gıda ve alkolsüz içecekler,100,100.0,100.0,100.0,100.0,100.0,100.0,100.0,100.0,100.0,100.0,100.0,100.0,100.0
Kavun,0.001406991200492312,Gıda ve alkolsüz içecekler,100,98.43079281896148,98.43079281896148,98.43079281896148,98.43079281896148,100.08976823855976,100.08976823855976,100.08976823855976,100.08976823855976,100.08976823855976,100.08976823855976,100.08976823855976,100.08976823855976,100.08976823855976
Kazak (Erkek için),0.0013869690835629116,Giyim ve ayakkabı,100,100.0,100.00614612066,100.0143338139326,100.00532418585414,100.00696240062764,99.99847099278426,99.9795160144165,100.00110341913197,99.7928485547497,100.46809097790832,99.47247758279332,99.02882907712258,98.97880465218697
Kazak (Kadın için),0.0032409737294408275,Giyim ve ayakkabı,100,100.0,100.00874793702464,100.00962349352788,100.0104904573379,99.99785600381227,99.97881787385852,99.9682117452596,100.03489451089251,99.9823938585957,100.72280041864704,99.68265864719608,99.1564151672686,99.14435960025031
Kazak (Çocuk için),0.0007427095261897063,Giyim ve ayakkabı,100,100.0,100.12914923777711,100.10877965599998,100.10877965599998,100.11472951411568,100.07803024193332,100.09728581480628,99.99219098623344,100.09190319156612,99.8643049048682,99.49569083194856,99.0250996084731,99.02974051142209
Kağıtlı Şeker,0.0016899186361890143,Gıda ve alkolsüz içecekler,100,99.95206736512549,99.95206736512549,99.95206736512549,99.95206736512549,99.95206736512549,99.95206736512549,99.95206736512549,99.95206736512549,99.95206736512549,99.95206736512549,99.95206736512549,100.13093704505806,100.13093704505806
Kaşar Peyniri,0.004643930560852439,Gıda ve alkolsüz içecekler,100,100.16064620225514,100.16064620225514,100.07687175986726,100.43082649170888,100.8100522527628,100.8100522527628,101.26732552158944,101.36149266015444,102.48918878227764,102.60055572721674,102.70714955817876,103.19010819844374,103.3017114690126
"Kaşık, Çatal, Bıçak Takımı (Çelik)",0.0005603402694813048,Ev eşyası,100,100.0,100.00965960680948,100.00617687595424,99.97773737764756,99.97805471562616,99.99061005506748,99.98771871480012,99.95871624451568,99.58687839797396,99.89791063903006,99.90599554310592,100.1599495603928,100.13787647043651
Kebaplar,0.01067489712128399,Lokanta ve oteller,100,100.0,100.0,100.0,100.0,100.0,100.0,100.0,100.0,100.0,100.0,100.0,100.0,100.0
Kek,0.0008705622924649074,Gıda ve alkolsüz içecekler,100,100.633332409006,100.6836281083455,100.96029896857765,100.96029896857765,101.00327400172796,101.00327400172796,101.00327400172796,101.7993539597245,101.7993539597245,101.7993539597245,101.7993539597245,102.92788440152212,102.92788440152212
Kemer,0.00048052243263300407,Giyim ve ayakkabı,100,100.0,100.00098925076335,100.04011290892905,100.06746707210334,100.06080999040178,100.06039042321356,100.01703146578777,100.00220007434216,99.9841934728845,99.91945430359594,99.97111381093568,99.9001630008517,100.2361318012751
Kesme Şeker,0.0006170893826021052,Gıda ve alkolsüz içecekler,100,100.0,100.0,100.0,100.0,100.0,100.0,100.0,100.0,100.0,100.0,100.0,100.0,100.0
Ketçap,0.00030741859883340263,Gıda ve alkolsüz içecekler,100,100.03967512947078,100.03967512947078,100.03967512947078,100.03967512947078,100.77052872082348,100.68982286041516,100.68982286041516,100.68982286041516,100.68982286041516,100.68982286041516,100.68982286041516,100.68982286041516,100.68982286041516
Kiracı Tarafından Ödenen Gerçek Kira,0.06156369847188742,Konut,100,106.41479628508024,108.6925397500262,107.99480523058052,106.98898014410663,106.41479628508024,106.41479628508024,105.9925218373606,106.08437476264982,105.77115676843772,105.32652994576851,104.9863973466066,104.83643695531532,104.61915443077348
Kivi,0.0002114031593774018,Gıda ve alkolsüz içecekler,100,100.0,100.0,100.0,100.0,100.0,100.0,100.0,99.0181048372843,99.0181048372843,99.0181048372843,99.0181048372843,99.0181048372843,99.0181048372843
Klima,0.0016887702755857142,Ev eşyası,100,100.0,99.99929763044076,100.00585049914062,100.0054149567254,100.00554217855992,99.99927167681228,100.00083066922735,100.01710004391904,100.23220451176512,100.23862385664204,100.35392962064648,100.34841995882272,100.38256517819691
Kola,0.002581694735090822,Gıda ve alkolsüz içecekler,100,100.26882371167842,100.26882371167842,100.23076917796168,100.23076917796168,100.23076917796168,100.3144313090191,100.3144313090191,100.35251760666836,100.35251760666836,100.35251760666836,100.35251760666836,100.35251760666836,100.35251760666836
Kolonya,0.0005842471559513049,Çeşitli mal ve hizmetler,100,100.0,100.0020591420695,100.01195666943146,100.00742565545217,100.00873938842746,100.00974022085336,100.01749730585392,100.02020351829668,99.91100022037678,99.98523857294182,100.3728997657152,100.5811375367707,101.12239779779972
Kombi,0.002097816220843418,Ev eşyası,100,100.0,100.00871498610935,100.0054200379735,100.02271903565632,100.01500337499228,100.02544092947562,100.02084497020476,100.05306616516071,100.15049650138812,100.1281237253238,100.1116530222173,100.11417001015072,100.11185624454261
Konserve Balık,0.00037090782813850316,Gıda ve alkolsüz içecekler,100,100.01118215073762,100.01118215073762,100.01118215073762,100.01118215073762,100.01118215073762,100.01118215073762,100.01118215073762,100.39273796282164,100.75620877856048,100.75620877856048,100.75620877856048,100.75620877856048,100.75620877856048
Konserveler,0.000352829989986703,Gıda ve alkolsüz içecekler,100,100.5514752344381,100.5514752344381,100.55221847193494,100.62980649504672,100.62980649504672,100.62840826902914,100.62840826902914,100.62840826902914,100.62840826902914,100.61897271752368,100.61897271752368,100.61897271752368,100.61897271752368
Kraker,0.0006377941479943054,Gıda ve alkolsüz içecekler,100,100.0,100.0,100.0,100.0,100.0,100.0,100.0,101.15969832401473,101.15969832401473,101.25916898361989,101.25916898361989,102.43761540440532,102.43761540440532
Kravat,0.00013777120042130116,Giyim ve ayakkabı,100,100.0,100.0,99.99751930157127,99.9818877541648,99.9623614361214,99.97150668839144,99.97026850341716,99.91833935076586,99.81033211703716,99.8531976045862,99.78227700751202,99.31633315620674,99.19639676869713
Krem Peynir,0.0007469374834426063,Gıda ve alkolsüz içecekler,100,100.24799057837174,100.32743692936926,100.4280100923544,100.65715606829792,100.65715606829792,100.73692668220524,101.9352168376864,102.1937773637048,103.27037078775872,103.34153486739449,103.63730705527676,103.63730705527676,103.63730705527676
Kuru Fasulye,0.0012071830464371101,Gıda ve alkolsüz içecekler,100,99.9995552897117,99.9995552897117,101.4389835378643,101.3450084789088,101.3450084789088,101.3450084789088,101.3450084789088,101.3450084789088,101.3450084789088,101.3450084789088,101.3450084789088,101.3450084789088,101.3450084789088
Kuru Kayısı,0.00043200548146050363,Gıda ve alkolsüz içecekler,100,100.0,100.0,100.0,100.0,100.0,100.0,100.0,100.0,100.0,100.0,100.0,100.0,100.0
Kuru Soğan,0.0032352896845350273,Gıda ve alkolsüz içecekler,100,98.98948802327942,98.98948802327942,98.55146488506357,98.55146488506357,99.14112535268936,98.36524190003914,98.8202913501843,99.18419710148152,99.36307936271618,99.36307936271618,99.36307936271618,101.23779966836666,101.23779966836666
Kuru Temizleme Ücreti,0.00040876687935440344,Giyim ve ayakkabı,100,100.0,100.0,100.0,100.0,100.0,100.0,100.0,100.0,105.64673085495376,105.64673085495376,105.64673085495376,105.64673085495376,105.64673085495376
Kuru Üzüm,0.0004379486327836037,Gıda ve alkolsüz içecekler,100,100.0,100.0,100.0,100.0,100.0,100.0,100.0,100.0,100.0,100.0,100.0,100.0,100.0
Kuzu Eti,0.011175659576526593,Gıda ve alkolsüz içecekler,100,99.6062102955073,99.78325525732764,100.2016902453578,100.249263704259,100.3218721073202,100.8604233924352,100.8604233924352,100.8604233924352,100.8604233924352,100.8604233924352,100.8604233924352,100.8604233924352,100.8604233924352
Kömür Ücreti,0.007709990164628165,Konut,100,100.0,100.90051307728358,100.73509616665186,101.02362108289616,101.22607500282211,101.6700323437303,101.49075213550744,102.09629804056796,102.09629804056796,102.09629804056796,102.09629804056796,102.09629804056796,102.09629804056796
Köprü Geçiş Ücreti,5.633649657573135e-05,Ulaştırma,100,100.0,100.0,100.0,100.0,100.0,100.0,132.81188803489354,132.81188803489354,132.81188803489354,132.81188803489354,132.81188803489354,132.81188803489354,132.81188803489354
Kırmızı Lahana,0.00019945043911850168,Gıda ve alkolsüz içecekler,100,100.0,100.0,100.0,100.0,100.0,100.0,96.87293061514642,96.89088667313229,96.89088667313229,96.89088667313229,96.89088667313229,96.89088667313229,96.89088667313229
Kırmızı Turp,0.00020885295094340175,Gıda ve alkolsüz içecekler,100,100.0,100.0,100.0,100.0,100.0,100.0,100.0,100.0,100.0,100.0,100.0,100.0,100.0
Kıvırcık,0.000950280882472808,Gıda ve alkolsüz içecekler,100,107.06589168626152,107.06589168626152,107.06589168626152,103.19627163834171,103.19627163834171,103.19627163834171,103.19627163834171,99.4912827366109,99.4912827366109,99.4912827366109,99.4912827366109,99.4912827366109,99.4912827366109
LPG (Araba Tüpü Dolum)  Ücreti,0.012805218929566008,Ulaştırma,100,105.27402463854898,105.27402463854898,105.27402463854898,105.93599349157842,105.93599349157842,105.93599349157842,105.93599349157842,105.93599349157842,105.93599349157842,110.0188238114556,112.25845226315826,112.25845226315826,112.25845226315826
Leblebi,0.00048814738457590414,Gıda ve alkolsüz içecekler,100,100.03045770616504,100.03045770616504,100.03045770616504,100.03045770616504,100.03045770616504,99.96937908085977,100.87618567530596,100.87618567530596,100.87618567530596,101.59403334434032,101.59403334434032,101.59403334434032,101.59403334434032
Limon,0.0014938872385323126,Gıda ve alkolsüz içecekler,100,100.0,100.0,100.0,100.0,100.0,100.0,100.0,100.0,100.0,100.0,100.0,100.0,100.0
Lokum,0.0007350910874491062,Gıda ve alkolsüz içecekler,100,100.0,100.0,100.0,100.0,100.0,100.0,100.0,100.0,100.0,100.0,100.0,100.0,100.0
Maden Suyu ve Sodası,0.0008759786125272074,Gıda ve alkolsüz içecekler,100,99.88710269553285,99.88710269553285,99.88119800292094,99.88119800292094,99.88119800292094,99.88119800292094,99.88119800292094,99.88119800292094,99.88119800292094,99.88119800292094,99.88119800292094,99.88119800292094,99.88119800292094
Makarna,0.0023918324635546205,Gıda ve alkolsüz içecekler,100,100.0,99.76293822246,99.76293822246,99.76293822246,99.76293822246,99.76293822246,99.76293822246,99.76293822246,99.9128232903552,99.95953203038762,100.00626260651998,100.00626260651998,100.00626260651998
Makyaj Malzemeleri,0.0011219316412711096,Çeşitli mal ve hizmetler,100,100.0,100.02279864186605,100.04738657355745,100.06139555853936,100.06096566880696,100.05833474352866,100.0537245416445,100.0219345336878,100.26312712146829,100.15970911218024,100.34878371119548,100.27414772088366,100.1141192507802
Mandalina,0.002064167697807817,Gıda ve alkolsüz içecekler,100,95.91372968602523,95.91372968602523,95.91372968602523,95.91372968602523,95.91372968602523,95.91372968602523,95.91372968602523,95.91372968602523,95.91372968602523,95.91372968602523,95.91372968602523,95.91372968602523,95.91372968602523
Mantar,0.0007136232439218061,Gıda ve alkolsüz içecekler,100,100.0,100.0,100.0,96.98494929254578,96.98494929254578,96.98494929254578,96.98494929254578,96.98494929254578,96.98494929254578,96.98494929254578,96.98494929254578,96.98494929254578,96.98494929254578
Margarin,0.0008790616240118074,Gıda ve alkolsüz içecekler,100,99.16127278372166,99.61890516134626,99.16127278372169,99.16127278372169,99.16127278372169,99.61890516134628,99.61890516134628,99.61890516134628,99.61890516134628,99.61890516134628,99.61890516134628,99.61890516134628,99.61890516134628
Maydanoz,0.0007321258792239062,Gıda ve alkolsüz içecekler,100,100.8718835731851,100.8718835731851,100.0110183613869,96.13610279903956,96.13610279903956,95.30515282714076,95.30515282714076,88.06304703262956,88.06304703262956,88.06304703262956,88.06304703262956,88.06304703262956,88.06304703262956
Mayonez,0.00022876069463050193,Gıda ve alkolsüz içecekler,100,100.18721459468836,100.18721459468836,100.45138147735028,100.45138147735028,100.45138147735028,100.40781484904744,100.40781484904744,100.40781484904744,100.40781484904744,100.40781484904744,100.40781484904744,100.40781484904744,100.40781484904744
Mendil,0.0011910780781985099,Çeşitli mal ve hizmetler,100,100.0,100.0,99.9950873521903,99.99230913254809,99.99033125993196,99.9925077235822,99.99502226080598,100.18302191548612,99.84187042801511,99.8696790052874,99.63013944936428,99.51762726079522,99.19503603904103
Mercimek,0.0014170583315397118,Gıda ve alkolsüz içecekler,100,103.63686747923173,103.63686747923173,103.63686747923173,103.63686747923173,103.63686747923173,103.63686747923173,103.63686747923173,103.63686747923173,103.63686747923173,103.63686747923173,103.63686747923173,103.63686747923173,103.63686747923173
Metro Ücreti,3.422773044253802e-05,Ulaştırma,100,100.0,100.0,100.0,100.0,100.0,100.0,100.0,100.0,100.0,100.0,100.0,108.9548318950074,108.9548318950074
Meyve Suyu,0.001300148811474111,Gıda ve alkolsüz içecekler,100,101.03534191792504,101.03534191792504,101.03534191792504,101.03534191792504,101.03534191792504,101.03534191792504,101.03534191792504,101.03534191792504,101.03534191792504,101.09927501138438,101.52965117597373,101.52965117597373,101.52965117597373
Motor Yağları,0.0004143362957665035,Ulaştırma,100,100.0,100.00632355707872,99.99375841095284,99.9898886554985,99.99186618436484,99.99621541576435,99.99038977340602,99.9984938148202,99.97091238645716,99.92983442088322,99.9718551523371,99.97076510924596,99.90871853370435
Motorin,0.018649228508560454,Ulaştırma,100,101.93577772716922,101.95001138692784,104.21601002049648,104.22739694830337,104.22739694830337,104.22739694830337,104.2330904122068,104.2330904122068,104.25017080391711,107.6007743110909,107.61500797084943,107.61500797084943,107.61500797084946
Motorsiklet,0.0042582850985354356,Ulaştırma,100,100.0,100.07726927277665,101.05578209448105,101.07048169047474,101.23752597963978,101.39054770773704,101.47875074453258,101.31861216756116,101.31266019642888,101.38735129412026,100.87605941754076,100.94529722499308,100.98206607126804
Muz,0.004085271254318835,Gıda ve alkolsüz içecekler,100,92.56772820911549,92.56772820911549,94.80167452499931,94.80167452499931,99.47568206132586,99.47568206132586,99.47568206132586,105.18930915319912,105.18930915319912,101.58630754198076,101.58630754198076,101.58630754198076,101.58630754198076
Mücevher (Altın),0.004930439532811742,Çeşitli mal ve hizmetler,100,100.0,100.00248434301577,100.00701293995914,100.0075155523916,100.00978817713823,100.006347939704,100.02122255492264,100.01277996301587,100.00457718535138,100.03046802230912,100.10498474119063,100.18604943868404,100.21524524866786
Müzik Aletleri ,0.0009055592165928076,Eğlence ve kültür,100,100.0,100.00149173099666,100.02487684389192,100.02487684389192,100.02431972062313,100.0255324096288,100.02988875846714,100.01429244054547,100.05466541575944,100.0466684194665,100.15044056652378,100.14050005806092,100.16776705699849
Nane,0.00011214875055320095,Gıda ve alkolsüz içecekler,100,100.0,106.5873894584123,100.0,96.7053627693552,96.7053627693552,103.0757216421431,103.0757216421431,90.43815113422336,90.43815113422336,90.43815113422336,90.43815113422336,90.43815113422336,90.43815113422336
Nar,0.00036434723364890307,Gıda ve alkolsüz içecekler,100,95.72565999431092,95.72565999431092,97.99051116114153,99.6992985216092,101.02243380655872,101.02243380655872,101.02243380655872,102.12908774414652,102.12908774414652,102.12908774414652,102.12908774414652,102.12908774414652,102.12908774414652
Nevresim Takımı,0.0015751876429170133,Ev eşyası,100,100.0,99.97809192573824,99.99867358946166,100.0290348148396,100.02621079354286,100.02509147314233,100.02071269580604,100.07557689968569,100.12704598657588,100.74706880580553,100.9069536120972,100.74469365849065,100.73086786851874
No-Frost Buzdolabı,0.00595755376639325,Ev eşyası,100,100.0,100.01781013498996,99.99648111109956,99.98956159220064,99.98394021508209,99.9864811606138,99.99450051368775,100.02058171783776,100.0173400622303,100.01373001680162,99.9618690934342,99.80702155858052,99.84340979897777
Nohut,0.0007645391394741064,Gıda ve alkolsüz içecekler,100,100.0,100.0,100.0,100.20255996623004,100.20255996623004,100.20255996623004,100.20255996623004,100.20255996623004,100.6293890748737,100.6293890748737,100.6293890748737,100.6293890748737,100.6293890748737
Odun Ücreti,0.0025295041939603215,Konut,100,100.0,99.79301845977572,98.41336168495182,98.53572359662024,98.8694310357876,98.62042455092612,100.33248430704826,100.33248430704826,100.48136825616793,100.21944529385682,98.86348316724512,101.67500416177737,100.19584762565633
Okul Defteri,0.0005265754936734044,Eğlence ve kültür,100,100.0,100.04626623527344,100.04703490850122,100.0336760577676,100.04703490850122,100.03772365071332,100.03283738582512,100.13171682617396,100.23018949761008,100.2136865421386,100.0591517815892,100.01593811579762,99.90601866996573
Okul Çantası,0.0006469464374324054,Çeşitli mal ve hizmetler,100,100.0,99.99216986517108,100.02341189210934,100.02341189210934,100.0188462780838,100.02050812231444,100.00966539192974,100.10591319915684,100.0273914520652,99.983538493618,99.95530499336866,99.87118579875845,99.90344107190282
Otoban Geçiş Ücreti,0.00012193303390700103,Ulaştırma,100,100.0,100.0,100.0,100.0,100.0,100.0,136.52794723867444,136.52794723867444,136.52794723867444,136.52794723867444,136.52794723867444,136.52794723867444,136.52794723867444
Otomobil (Benzinli),0.08604480469987602,Ulaştırma,100,100.0,100.21398290673493,100.32918553344167,100.35107746606694,100.72350188136411,100.72350188136411,100.72350188136411,101.50065742965656,101.73000220714152,101.77768518797885,101.65302359964168,101.48059862040289,101.24211105772667
Otomobil (Dizel),0.01701417139116254,Ulaştırma,100,100.0,100.0048630756552,100.0048630756552,100.07579106448874,100.07579106448874,100.07579106448874,100.07579106448874,100.57915367403162,100.7484719513148,101.04240626148233,100.85016905699727,100.85016905699727,100.77144599445465
Otopark Ücreti,0.00039811722882750336,Ulaştırma,100,100.0,100.0,100.0,100.0,100.0,100.0,100.0,100.0,100.0,100.0,100.0,100.0,100.0
Oturma Odası Takımı,0.008300996830663269,Ev eşyası,100,100.0,100.03853969263368,100.0416781261246,100.01361135832792,100.00580724873272,100.00226078857754,99.9807706085984,100.03917098753944,100.02648650575368,100.02783194261455,99.9853701266777,99.95400701176652,99.9293776330175
Oyuncak,0.0011609517977288098,Eğlence ve kültür,100,100.0,99.99881473704,100.00495774030428,100.00401454801056,99.9791266641163,99.98317473425604,99.99232172995464,100.00679442142712,99.9354223128336,99.8479210689584,99.7970177641516,100.05211189127404,100.12639783868828
Pantolon (Erkek için),0.006586556087291655,Giyim ve ayakkabı,100,100.0,100.03763417743676,100.0411082846498,100.03808211498163,100.0337411156478,100.0241276617212,100.02846824387586,100.00187183017012,100.19661463450733,100.33556368438016,100.1133556465872,99.86504157816182,99.64998184608577
Pantolon (Kadın için),0.004655007365149639,Giyim ve ayakkabı,100,100.0,100.0,99.98639561859704,100.0054469740764,100.00883109983876,100.00588774841152,100.01357074850068,100.06088771251189,99.86673954020796,100.12654387047851,99.65335768308752,99.70737933491615,99.8932506119907
Pantolon (Çocuk için),0.002235174089637819,Giyim ve ayakkabı,100,100.0,99.99110170372104,100.01936590318417,100.03833128907476,100.01927950899898,100.01927950899898,100.01911404565412,99.97605927549576,99.90093130706391,100.04249781386802,99.92608111157512,99.87862161021044,99.71969270105895
Pardösü (Kadın için),0.0004809116350112041,Giyim ve ayakkabı,100,100.0,100.01256792399673,99.98985552935171,99.98538125111024,99.96746993365365,99.99363693354672,99.98351605552912,99.98351605552912,99.76762959849322,100.17460951797042,99.869297959074,99.76505485357268,99.81084458971081
Parfüm,0.0014811099820208125,Çeşitli mal ve hizmetler,100,100.0,100.0,100.0,100.0,100.0,100.0,100.0,99.97274477349036,99.86766143794716,99.81379164430808,99.93871753988805,99.78613683036087,99.81608952105441
Pasta,0.003100066723854626,Gıda ve alkolsüz içecekler,100,100.0,100.0,100.0,100.0,100.0,100.0,100.0,100.0,100.0,100.0,100.0,100.0,100.0
Pastane Ürünleri,0.004076384846341435,Lokanta ve oteller,100,100.0,103.63329488265389,106.51200428569608,106.51200428569608,106.51200428569608,106.50181273297426,106.51200428569608,106.51200428569608,107.9923721270312,107.9923721270312,107.9923721270312,107.9923721270312,107.9923721270312
Patates,0.0032447920803301273,Gıda ve alkolsüz içecekler,100,101.03972870152757,101.03972870152757,103.11817009823989,103.11817009823989,103.11817009823989,103.11817009823989,103.11817009823989,107.33257887291818,107.33257887291818,107.00117156430608,107.00117156430608,107.00117156430608,107.00117156430608
Patlıcan,0.0020909825750655177,Gıda ve alkolsüz içecekler,100,101.03306503337556,103.18578073133068,99.3055000036128,101.1341997458597,101.1341997458597,101.1341997458597,100.300787262229,98.20716687948055,93.86212338516884,88.65281245940058,86.69980437844225,85.08473974580791,85.08473974580791
Pekmez,0.0005299049427500045,Gıda ve alkolsüz içecekler,100,104.89381742212788,104.89381742212788,104.89381742212788,104.89381742212788,104.89381742212788,104.89381742212788,104.89381742212788,104.89381742212788,104.89381742212788,105.32060732973665,105.6612917004199,105.6612917004199,105.6612917004199
Perde,0.000713233952372806,Ev eşyası,100,100.0,100.11822390766514,100.05078972574856,100.15408490736564,99.94552888983034,100.0318087202378,100.03203642422253,100.1170390673452,99.97022446528104,99.4727775713489,99.30765210319667,98.97275088831164,98.75263647638339
Pideler,0.008022410859034768,Lokanta ve oteller,100,100.0,100.0,100.0,100.0,100.0,100.0,100.0,100.0,100.0,100.0,102.86121523918196,102.86121523918196,102.86121523918196
Pijama (Erkek için),0.00025135758744300213,Giyim ve ayakkabı,100,100.0,100.012412742192,100.00908381059529,100.02216451781032,100.02825721955932,100.02679809318887,100.02679809318887,100.05951176773772,99.91585362728846,100.13065085130802,99.85396519517704,99.49566677971472,99.503407127487
Pijama (Kadın için),0.0009394819179999079,Giyim ve ayakkabı,100,100.0,100.00523028938017,100.00653509434648,99.99608340134866,99.99837332431112,100.19721775414772,100.1967213575186,100.30744932751568,100.32929399724654,100.37533813721078,100.50348710017678,100.19496400911451,100.22857861683947
Pijama (Çocuk için),0.00042373002232980357,Giyim ve ayakkabı,100,100.0,100.02428677894342,100.02633042614772,100.02633042614772,100.02284724241184,100.02763905444084,100.0306211478557,100.02010685443425,99.83734393602082,99.87380664522476,99.76233841380106,99.5517789157099,99.44140914051033
Pike Takımı,0.0005822605921611049,Ev eşyası,100,100.0,99.9787809595132,100.00506415666858,100.0231280887434,100.13203544098336,100.13568448734952,100.14744221204118,100.29326307437508,100.21721278664572,100.18274130645622,100.1253518295433,100.21981228424056,100.38625929447998
Pil,0.00045401189658310386,Ev eşyası,100,100.0,99.99357982827048,99.99624674961588,99.99646684653835,100.00272268662832,99.99657096294166,100.00040106811066,100.02889393987384,100.06160703043363,100.14137091551818,100.2073610500693,100.35904572066843,100.22233687936122
Pirinç,0.003664700970141331,Gıda ve alkolsüz içecekler,100,100.01941375927188,100.01941375927188,100.26597946021134,100.26597946021134,100.5097932779626,100.5097932779626,100.5097932779626,100.5097932779626,100.5097932779626,100.5097932779626,100.5097932779626,100.5097932779626,100.5097932779626
Pizzalar,0.003425312949510229,Lokanta ve oteller,100,100.0,100.0,100.31787289714758,100.31787289714758,100.31787289714758,100.31787289714758,100.31787289714758,100.31787289714758,100.31787289714758,100.31787289714758,100.31787289714758,100.31787289714758,100.31787289714758
Plastik Mutfak Eşyaları,0.0009925935519757084,Ev eşyası,100,100.0,100.04455063687055,100.02740186283292,100.02008428539126,100.01170145627854,100.0072151017163,100.01032607437328,100.10819357314335,100.07713593533305,100.1423171673172,100.07283868460408,99.96424455733111,99.97164320631147
Porselen Ev Eşyası,0.0016472934905267138,Ev eşyası,100,100.0,100.0356157834291,100.03493355184266,100.02219687614895,100.03303362188868,100.04435802937006,100.0263432988502,100.05796639537964,100.08699370645974,100.66374917973847,100.45669807093417,100.20415668774416,100.32410485193473
Portakal,0.0021797080143363184,Gıda ve alkolsüz içecekler,100,95.6509395707193,95.6509395707193,102.36525324638828,99.14032716611234,94.08797023372696,94.08797023372696,94.08797023372696,91.11957546169,91.11957546169,91.11957546169,91.11957546169,91.48987041100015,91.48987041100015
Pırasa,0.0005143540527009044,Gıda ve alkolsüz içecekler,100,113.8448649106075,113.8448649106075,113.8448649106075,113.8448649106075,113.8448649106075,113.8448649106075,113.8448649106075,126.79857033244346,126.79857033244346,126.79857033244346,126.79857033244346,126.79857033244346,126.79857033244346
Resim Boyaları,0.00027808976139120234,Eğlence ve kültür,100,100.0,99.99710363936312,99.9969141047745,100.00801943972276,100.01150811326382,100.01139427389867,100.01197604317994,100.015982458403,99.98627416775388,100.1076343055633,100.2998026944757,100.3000198555498,100.3346756268346
Reçel,0.000352113561786903,Gıda ve alkolsüz içecekler,100,99.99285066282766,99.99285066282766,100.11771328246908,100.6366716273916,100.6366716273916,100.6366716273916,100.6366716273916,100.6366716273916,100.6366716273916,100.6366716273916,100.6366716273916,100.6366716273916,100.6366716273916
Roka,0.00020791230951540176,Gıda ve alkolsüz içecekler,100,104.18012897903432,104.18012897903432,104.18012897903432,95.43772319221304,95.43772319221304,95.43772319221304,95.43772319221304,87.42894731822119,87.42894731822119,87.42894731822119,87.42894731822119,87.42894731822119,87.42894731822119
Saat,0.0006861864220201058,Çeşitli mal ve hizmetler,100,100.0,99.99479316434623,100.00152185401208,100.00655788342875,100.02199742738144,100.02248390215404,100.02191349859108,100.07744772379152,99.96596869655043,99.82108188546688,99.78503606919016,99.74659040513146,99.69461654608293
Sabun,0.0004617600294422039,Çeşitli mal ve hizmetler,100,100.0,100.02118275637378,100.01501355806468,100.02166215979132,100.01306196103576,100.01708685349936,99.9924118086632,100.0003962288143,100.00628141414236,100.10802071967916,100.07344997398675,100.22957171415578,100.42575230298876
Sakatat,0.0009408075276365079,Gıda ve alkolsüz içecekler,100,103.53661004620554,103.53661004620554,103.53661004620554,103.53661004620554,103.53661004620554,103.53661004620554,103.53661004620554,103.53661004620554,103.53661004620554,103.53661004620554,103.53661004620554,103.53661004620554,103.53661004620554
Sakız,0.0004392577916839037,Gıda ve alkolsüz içecekler,100,107.97479660122303,107.97479660122303,107.97479660122303,107.97479660122303,109.4307594550446,109.4307594550446,109.4307594550446,109.4307594550446,109.4307594550446,109.4307594550446,109.4307594550446,111.21794413515536,111.21794413515536
Salam,0.0010362427905260087,Gıda ve alkolsüz içecekler,100,99.80234185916804,99.80234185916804,99.17701850997584,99.05547587489409,99.05547587489409,99.1263635110387,99.12225203864416,99.12225203864416,99.12225203864416,99.12225203864416,99.23399215769736,99.37787166518592,99.37787166518592
Salatalık,0.0038406424355755327,Gıda ve alkolsüz içecekler,100,110.09967477879395,115.47828685927313,118.8765419473666,118.8765419473666,118.8765419473666,118.8765419473666,116.5679722710162,108.95557819115884,105.37064166590096,105.37064166590096,102.71285641971284,101.2971736047922,101.2971736047922
Salça,0.0024199717517636205,Gıda ve alkolsüz içecekler,100,99.61142379888854,99.61142379888854,99.6735536617318,99.6735536617318,99.6735536617318,99.8770116550802,99.8770116550802,99.8770116550802,99.76504714112556,99.76504714112556,99.76504714112556,99.76504714112556,99.76504714112556
Sarımsak,0.0007313211454322062,Gıda ve alkolsüz içecekler,100,100.0,100.0,100.0,100.0,100.0,100.0,100.0,100.0,100.0,100.0,100.0,100.0,100.0
Saç Bakım Ürünleri,0.0038388255399606323,Çeşitli mal ve hizmetler,100,100.0,100.0226553114865,100.01890466110612,100.007296090223,100.01050274114746,100.01258401372138,100.00492504033316,99.98635494892304,99.9181231649158,99.85903672552776,99.87356521927629,99.7947532073153,99.56011707823646
Scooter (Çocuk),0.0012412442402881104,Eğlence ve kültür,100,100.0,100.0,100.02454019641382,100.02915440440236,100.05781319124736,100.08304397124228,100.06056160777624,100.16167573436114,100.01517580595488,99.98572611648926,100.04474077428024,100.04912345183877,100.27785121550221
Sehpa,0.0002496245349494021,Ev eşyası,100,100.0,100.00777322334046,100.0432914467026,100.05152822761326,100.03154535054816,100.01998813905114,100.01270946224184,100.0259280443306,99.90427302463743,99.76170304530692,99.80214628923856,99.74906630216572,99.80637721419683
Sirke,0.0003459944176085029,Gıda ve alkolsüz içecekler,100,100.0,100.0,100.0,100.0,100.0,100.0,100.0,100.0,100.0,100.0,100.0,100.0,100.0
Sivri Biber,0.0022093680944136186,Gıda ve alkolsüz içecekler,100,101.41644516115409,101.41644516115409,104.74248067085033,104.74248067085033,104.74248067085033,104.74248067085033,104.74248067085033,104.74248067085033,104.74248067085033,102.79732983325673,102.79732983325673,102.79732983325673,102.79732983325673
Soba,0.0003761728786424032,Ev eşyası,100,100.0,100.04591343753206,100.0404532752326,100.14627662242474,99.9815125568892,99.97814563158074,100.06136284087216,100.5342866294436,99.71960265516338,99.6379436574598,99.23194871626724,98.54492018562932,98.55580854428074
Sosis,0.0005863951729261049,Gıda ve alkolsüz içecekler,100,101.11731519889138,101.11731519889138,100.34384602431354,100.34384602431354,100.34384602431354,100.34384602431354,100.34384602431354,100.34384602431354,100.34384602431354,100.34384602431354,100.34384602431354,100.34384602431354,100.34384602431354
Soğuk Çay,0.00032545738112600274,Gıda ve alkolsüz içecekler,100,99.94207481019188,99.94207481019188,99.95112146630407,99.95112146630407,99.95112146630407,100.19300328907136,100.26762377278948,100.2945956550952,100.2945956550952,100.3474460060235,100.3474460060235,100.3474460060235,100.3474460060235
Soğuk İçecekler (Servis edilen),0.0007985183525518068,Lokanta ve oteller,100,100.0,100.0198251948682,100.0198251948682,100.0198251948682,100.0198251948682,100.0198251948682,100.0198251948682,100.0198251948682,100.0198251948682,100.1116858853878,100.1116858853878,100.1116858853878,100.23082894346523
Spor Ayakkabısı (Erkek için),0.0036524287675914306,Giyim ve ayakkabı,100,100.0,100.0,99.98579256383768,99.98130659602708,99.98124276534122,99.98013471071754,99.97691698250776,99.98727981075922,99.96555132933096,100.13609091119878,100.52958687965132,100.2935076392706,100.25529709699232
Spor Ayakkabısı (Kadın için),0.0025745231654535215,Giyim ve ayakkabı,100,100.0,100.0,100.00135827162634,100.0504985656049,100.05860659190098,100.06028468918474,100.02801723430532,100.23754763480548,100.16183211050328,100.27895534139198,100.57232456402171,100.37932287033136,100.42208030381519
Spor Ayakkabısı (Çocuk için),0.002014837761248917,Giyim ve ayakkabı,100,100.0,100.0,100.0261459361109,100.0261459361109,100.0261459361109,100.02693995745462,100.02693995745462,100.06157878085511,99.85198033527628,100.03763391990633,99.88236304008328,99.74143251842024,99.63735284791771
Sporla İlgili Aletler (Futbol Topu),0.0012731299776145108,Eğlence ve kültür,100,100.0,100.01875802087656,99.98900428183369,99.97927089703164,99.98117873149177,99.9753868988545,99.98383390536864,100.01443148086396,99.97460823995829,99.98694575321458,99.46177217189278,101.07967237159242,100.7652056731305
Stor Perde,0.0010872543225744092,Ev eşyası,100,100.0,100.06072238160098,99.90593668899896,99.90882210125552,99.9080364362912,99.90200469280806,99.9080364362912,99.86764597909465,99.77289909250278,99.64076309636864,98.71646075003817,99.04125940033012,98.82606128202714
Su,0.003654389589391731,Gıda ve alkolsüz içecekler,100,100.23479367596455,100.23479367596455,100.23479367596455,100.23479367596455,100.23479367596455,100.23479367596455,100.23479367596455,100.23479367596455,100.23479367596455,100.23479367596455,100.23479367596455,100.23479367596455,100.23479367596455
Su Faturası,0.022474153032095393,Konut,100,100.0,100.0,100.0,100.0,100.0,100.0,100.0,100.0,100.0,100.0,100.0,100.0,100.0
Sucuk,0.005361293159433545,Gıda ve alkolsüz içecekler,100,103.2707664505406,103.2707664505406,103.05867056630215,102.93506191287904,103.07433197042111,103.21807076070708,103.21807076070708,103.21807076070708,103.21807076070708,103.21807076070708,103.81078832751506,103.81078832751506,103.81078832751506
Sweatshirt (Erkek için),0.0006899626754386059,Giyim ve ayakkabı,100,100.0,99.98325554260217,99.97651992578692,99.96638335417524,99.96685631786724,99.96632286026008,99.97144147275776,99.87867869893007,99.6229261804999,100.36786226967254,99.7867556873302,99.24731260115932,99.06962838630417
Sweatshirt (Kadın için),0.0008384851734922071,Giyim ve ayakkabı,100,100.0,99.99995760015898,99.99419457430147,99.915135756221,99.98639680373816,99.98639680373816,99.98639680373816,99.92623894141217,99.94962819637354,100.07188382150828,99.3847561755407,98.921029966497,98.96169267540358
Sweatshirt (Çocuk için),0.0006412855998724054,Giyim ve ayakkabı,100,100.0,100.0,99.97148926598707,99.97148926598707,99.97604852562576,99.97186274807642,99.98253957269976,99.80751521189764,99.92613503789303,99.95184565204028,99.70979843894648,99.69566175386018,99.85716300327374
Sürücü Eğitim Kurs Ücreti,0.0009928712585742085,Ulaştırma,100,100.0,100.3398173560877,100.3398173560877,100.33981735608768,100.33981735608768,100.33981735608768,100.33981735608768,100.33981735608768,100.33981735608768,100.33981735608768,100.33981735608768,100.33981735608768,100.33981735608768
Süt,0.007620502707806064,Gıda ve alkolsüz içecekler,100,100.38033366830356,100.4112930582623,100.4112930582623,100.60277468500428,100.59765648618011,100.75638088659016,101.63840957268933,101.63840957268933,102.87815273545428,102.8914455140159,102.9403834559474,102.9403834559474,102.9403834559474
Sıcak İçecek Makinaları,0.0012284940162227104,Ev eşyası,100,100.0,100.0161274591964,100.02602922728194,100.0406339803036,100.03768623132892,100.02676525776172,100.03911091941391,100.08629516656502,99.7614830652754,99.75939919526378,99.60996445071449,99.51373334124564,99.54167487467473
Sıcak İçecekler (Servis edilen),0.012470319481102107,Lokanta ve oteller,100,100.0,100.05511704334675,100.05511704334675,100.05511704334675,100.05511704334675,100.05511704334675,100.05511704334675,100.05511704334675,100.05511704334675,100.26537226188135,100.26537226188135,100.26537226188135,100.43125358324929
Tablet (Bilgisayar),0.00021031523095340176,Eğlence ve kültür,100,100.0,99.996116551077,100.00027341660356,99.99822614288152,100.00108966176346,100.0230385261148,100.03828946563746,100.01637797888014,99.71711394801568,99.62616507740616,99.52906346516328,99.38163069687327,98.92431429148084
Tahin,0.0005817475189935048,Gıda ve alkolsüz içecekler,100,102.16114654664526,102.16114654664526,102.16114654664526,102.16114654664526,102.16114654664526,102.16114654664526,102.16114654664526,102.16114654664526,102.16114654664526,102.16114654664526,102.16114654664526,102.16114654664526,102.16114654664526
Tahin Helvası,0.0005799140280945049,Gıda ve alkolsüz içecekler,100,100.0,100.0,102.6940734583406,103.8356940501601,103.8356940501601,104.36864376335124,104.36864376335124,104.36864376335124,104.36864376335124,104.36864376335124,104.65892765296958,104.65892765296958,107.07767933271852
Tahıl Gevreği,0.0004613613477522039,Gıda ve alkolsüz içecekler,100,100.48605270616268,100.48605270616268,100.4025302467223,100.4025302467223,100.4025302467223,100.4025302467223,100.4025302467223,100.4025302467223,100.4025302467223,100.4025302467223,100.4025302467223,100.4025302467223,100.4025302467223
Takım Elbise (Erkek için),0.001786027110002715,Giyim ve ayakkabı,100,100.0,100.0,99.99976130553168,100.0184815947884,99.9594872980826,99.94999993786546,99.94608297522302,99.8904566035714,100.01926833819292,99.63774627131026,99.50527705479064,99.00457918300214,99.07362162767033
Tavuk Eti,0.017263063386894047,Gıda ve alkolsüz içecekler,100,100.9011654418406,100.9078331409186,101.09092451170952,100.68688186886884,100.64614699428373,100.66927565221664,100.87895984554092,100.93635372573333,100.93635372573333,100.93635372573333,100.93635372573333,100.93635372573333,100.93635372573333
Tayt (Çocuk için),0.0004423328635315037,Giyim ve ayakkabı,100,100.0,100.00366482241026,100.00861865557832,100.0156298359608,100.00303006240009,100.01372754731015,100.0983080644924,100.2333134644881,100.23506662012548,99.92076903889382,99.69522793251978,99.50626223591104,99.6009388267006
Taze Fasulye,0.0014746459901889123,Gıda ve alkolsüz içecekler,100,100.0,100.0,101.32445053441718,101.32445053441718,101.32445053441718,101.32445053441718,101.32445053441718,101.32445053441718,101.32445053441718,101.32445053441718,101.32445053441718,101.32445053441718,101.32445053441718
Teflon Mutfak Eşyaları,0.000476683728947504,Ev eşyası,100,100.0,101.8396791318724,103.483194505368,103.88793564660752,103.69678174352102,103.76374667764034,103.4200454083118,103.4200454083118,103.4200454083118,103.4370863347466,103.4370863347466,103.4370863347466,103.4370863347466
Tek Masa,0.002054887994853917,Ev eşyası,100,100.0,100.03882464588894,100.05174662688292,100.0592619063866,100.07743654041356,100.06130343312508,100.07988077174186,100.14192056246344,99.9586074075532,100.00710053132578,100.17185432259367,100.12619171796662,100.13015235784214
Tek Sandalye,0.0021635597513593183,Ev eşyası,100,100.0,100.03484605349864,100.05780196339896,100.05794213174966,100.06361137329382,100.05659641941736,100.0566350845952,100.04578034527864,99.8909632327717,99.78423115614184,99.7478391439492,99.6747097668356,99.96888919833016
Telefon Ekipmanları (Cep Telefonu),0.012055405751929503,Haberleşme,100,100.0,100.0,100.0,100.0,100.0,100.0,99.99875225360634,100.00292797718411,99.95702041252,99.98582106282932,99.913870589236,99.7880548877228,99.81515973446041
Telefon Onarım Ücreti,0.0008114675690584068,Haberleşme,100,100.0,100.0,100.0,100.0,100.0,100.0,100.0,100.0,100.0,100.0,100.0,100.0,100.00000000000003
Televizyon,0.006915523187217258,Eğlence ve kültür,100,100.0,100.00536466706023,100.00661021577072,99.99504123541456,99.9898427313002,100.00201224584087,100.00159038670805,100.06622193575792,100.08691560644448,100.10223373314342,99.95682557800812,99.87888201135726,99.8156380484061
Tereyağı (Kahvaltılık),0.004012068867692134,Gıda ve alkolsüz içecekler,100,100.09466456568732,100.09466456568732,100.72334262903507,101.13168650375988,101.13168650375988,101.13168650375988,101.82590428795072,101.82590428795072,103.16036656587694,103.16036656587694,103.49311544491565,103.71399128879696,104.18369926112106
Terlik (Kadın için),0.0010639596479259088,Giyim ve ayakkabı,100,100.0,100.0021406210831,100.01103475492478,100.01193295443478,100.01946437087976,100.01378637552888,100.01498114835611,100.11023291272228,100.05808404139908,100.18536892815568,100.29671139881204,100.17608730029,100.26517822958222
Test Kitapları,0.001638694257578214,Eğlence ve kültür,100,100.0,99.99328570988028,99.9989885258161,99.99778041833538,99.99727675922676,100.0012398198604,100.00482712561968,100.03141739576944,100.09450932326877,100.30104311363208,100.426747905903,100.41225691349013,100.35613501128482
Tişört (Erkek için),0.0027707014433946235,Giyim ve ayakkabı,100,100.0,100.00082794320676,99.99801463268516,100.02470367196013,100.01718160190028,100.00985763170272,100.00103932256414,100.04531802382124,100.00040447206068,99.6487964200186,99.8062321122311,99.8219565818512,99.75700563035768
Tişört (Kadın için),0.0031777300870537268,Giyim ve ayakkabı,100,100.0,99.9977165533582,100.0054116254082,100.0054116254082,99.99665419982485,99.99665419982485,100.0054116254082,99.9589182561997,99.9789445646224,99.80942836397888,99.84624667235784,99.78975156600217,99.64057843661901
Tişört (Çocuk için),0.0022540421456538192,Giyim ve ayakkabı,100,100.0,99.99950485603397,99.9963027946872,99.9963027946872,99.99472668947456,100.00839787137105,100.00839787137105,99.9332310008636,99.98513795803926,99.97505480517988,100.01802519135494,100.1694135061479,100.5851420828631
Toz Şeker,0.003965320257188334,Gıda ve alkolsüz içecekler,100,100.0,100.0,99.55223869042588,99.55223869042588,99.55223869042588,99.55223869042588,99.55223869042588,99.55223869042588,99.55223869042588,99.55223869042588,99.55223869042588,99.55223869042588,99.55223869042588
Tramvay Ücreti,2.6224394213730207e-05,Ulaştırma,100,100.0,100.0,100.0,100.0,100.0,100.0,100.0,100.0,100.0,100.0,100.0,108.9548318950074,108.9548318950074
Tulum Peyniri,0.0019153857125024164,Gıda ve alkolsüz içecekler,100,100.0,100.0,100.0,100.0,100.0,100.0,100.0,100.0,100.0,100.0,100.0,100.0,100.0
Turşu,0.00041364198475220347,Gıda ve alkolsüz içecekler,100,100.00155411686342,100.00155411686342,100.00155411686342,100.00155411686342,100.00155411686342,99.9979536526412,99.9979536526412,99.9979536526412,99.9979536526412,99.9979536526412,99.9979536526412,99.9979536526412,99.9979536526412
Tuvalet Kağıdı,0.002769526425570723,Çeşitli mal ve hizmetler,100,100.0,99.98142770006562,100.0190811460258,100.03305980387113,100.03266611993828,100.02644824521856,100.02131694477268,100.65548665312208,100.11909989730248,100.0186483456069,100.07785214171824,100.10226266272792,100.69571676371864
Tuvalet ve Güzellik Sabunu,0.0014514953376412122,Çeşitli mal ve hizmetler,100,100.0,97.19482913954522,99.42095625065032,99.1272616974152,100.1646537295658,102.26173505210068,102.26173505210068,102.26173505210068,102.26173505210068,102.26173505210068,102.26173505210068,102.26173505210068,102.26173505210068
Tuz,0.0004507793145118038,Gıda ve alkolsüz içecekler,100,99.79425302561565,99.79425302561565,99.79425302561565,99.79425302561565,99.79425302561565,100.24567626321044,100.24567626321044,100.24567626321044,100.24567626321044,100.24567626321044,100.24567626321044,100.24567626321044,100.24567626321044
Tül,0.0006491071170998056,Ev eşyası,100,100.0,100.0,100.0,100.00346018572948,100.00346018572948,100.00346018572948,100.00346018572948,100.00346018572948,99.93284163386294,99.67168814242308,99.67662547699268,99.56288965150488,99.57275335873199
Tüp Gaz Ücreti,0.00597118473732025,Konut,100,100.0,100.0,106.98447893569842,106.98447893569842,106.98447893569842,106.98447893569842,106.98447893569842,106.98447893569842,106.98447893569842,106.98447893569842,106.98447893569842,106.98447893569842,106.98447893569839
Tıraş Malzemeleri,0.0006301502509293053,Çeşitli mal ve hizmetler,100,100.0,100.0001619992564,100.02452575928092,100.0243333982408,100.02671263885011,100.00079151882797,99.99072773141756,100.04399637715714,99.98998893378138,100.48175476313516,100.24137801156898,100.58299915597507,100.65196910449623
Veteriner Ücreti,0.0002986218625982025,Eğlence ve kültür,100,100.0,100.0,122.6632484702142,122.6632484702142,122.6632484702142,122.6632484702142,122.6632484702142,122.6632484702142,122.6632484702142,122.6632484702142,122.6632484702142,122.6632484702142,122.6632484702142
Yastık,0.00031296918989490266,Ev eşyası,100,100.0,100.03050170157056,100.02082469038147,100.01420912165388,100.01261659153586,100.01273397203953,100.01718653537372,100.00376747013988,100.0056898113643,100.0096065639718,100.60507404587834,100.2342408693235,99.96049005467538
Yatak (Tek Kişilik),0.0006154025909301052,Ev eşyası,100,100.0,100.0,100.32470243265162,100.4140708494715,100.4140708494715,100.4140708494715,100.33626164166252,100.45396504798424,100.3162260989607,100.31028273632712,100.31028273632712,100.31028273632712,100.31028273632712
Yatak (Çift Kişilik),0.0012124552586072102,Ev eşyası,100,100.0,100.0,100.0083430669304,100.0083430669304,100.00787338339616,100.00787338339616,100.00787338339616,99.96412418879092,99.98694861248512,100.064637420593,100.0187641485533,99.91297455251278,100.0252280756192
Yatak Bazası,0.0011568736176054098,Ev eşyası,100,100.0,100.01875088000028,100.01882776968384,100.01067287610825,100.01067287610825,100.01137043357424,100.01137043357424,100.05014376474296,100.0649982037834,99.98353513536318,100.32604220326527,100.72295972808634,100.72133343248132
Yatak Odası Takımı,0.003735983411183632,Ev eşyası,100,100.0,99.97654637497835,99.9759098289182,99.9759098289182,99.9741077382882,99.98275517241254,99.9917601961322,99.91364743504714,99.78829456217262,99.669803070629,99.72052211573067,99.7376715232223,99.92101068004675
Yatak Örtüsü,0.0005162823235202043,Ev eşyası,100,100.0,100.04879878700297,100.02726392294944,100.034626714114,100.02282042112708,100.03693691553622,100.05908479654624,100.02426471954642,99.94468126461815,99.94198471740044,100.02310717325682,99.8469668124932,99.42442819046127
Yemek Odası Takımı,0.0017036074720161143,Ev eşyası,100,100.0,100.16125130871568,100.16262835812016,100.19232553310202,100.18229160574248,100.18229160574248,100.2132906096216,100.26873535328713,100.37217328997572,100.38619637352164,100.3059670476481,100.35976286627552,100.24752258103082
Yer Fıstığı,0.00116990759580801,Gıda ve alkolsüz içecekler,100,104.60785358641972,104.60785358641972,104.60785358641972,104.60785358641972,104.60785358641972,104.60785358641972,104.60785358641972,104.60785358641972,104.60785358641972,104.60785358641972,104.60785358641972,104.60785358641972,104.60785358641972
Yer ve Duvar Döşemesi,0.0027586685669456234,Konut,100,100.0,100.21454571959234,100.07754040012315,100.05504212827546,100.07111366905974,100.07111366905974,100.0645056942037,100.26341671709832,100.25039732877788,100.15058379025162,100.28601749598846,100.29091041167528,100.26009782349814
Yorgan,0.0003353266106883028,Ev eşyası,100,100.0,99.99554549868309,100.0140448613738,100.0140448613738,100.01625089937204,100.00374309272048,100.00693537400656,100.03768190986573,99.98743147592326,100.03730729393334,99.9886774849549,99.96384900578236,100.0345893982016
Yoğurt,0.006308165780077253,Gıda ve alkolsüz içecekler,100,100.21348092852996,100.14408420622956,100.08298743197422,101.1936287953153,101.456747002457,101.456747002457,101.93275452487968,102.00607164307743,102.93027827576825,103.03509681285315,103.0854602995885,103.13047494569616,103.13047494569616
Yumurta,0.00832064882491357,Gıda ve alkolsüz içecekler,100,100.11719762341468,100.11719762341468,100.6667201917974,100.6667201917974,101.23012709439986,101.23012709439986,101.23012709439986,101.23012709439986,101.52788877710591,101.52788877710591,101.52788877710591,101.52788877710591,101.52788877710591
Zeytin,0.005534226598716047,Gıda ve alkolsüz içecekler,100,100.30601019938992,100.30601019938992,100.457096334669,100.3936681742688,100.3936681742688,100.3936681742688,100.3936681742688,100.3936681742688,100.3936681742688,100.3936681742688,100.3936681742688,100.3936681742688,100.3936681742688
Zeytinyağı,0.004101895715834335,Gıda ve alkolsüz içecekler,100,98.74714954691868,98.45625628241488,98.45625628241488,98.45625628241488,98.41215996340952,98.41215996340952,98.55991659926995,98.55991659926995,98.55991659926995,98.55991659926995,98.55991659926995,98.55991659926995,98.55991659926995
Çamaşır Makinesi,0.006433975396134855,Ev eşyası,100,100.0,100.01199537834992,100.00029226642924,99.9793790602292,99.93502279783512,99.95999955859946,99.9469427750606,100.35244119591968,100.3025720532558,100.17962607109122,100.29792633245228,100.23914945988608,100.27504091877367
Çamaşır İçin Temizlik ve Bakım Ürünleri,0.010693942546358191,Ev eşyası,100,100.0,100.0055596067054,100.0055682680792,100.00637689145498,100.00176285062098,99.99925756945731,99.9983636652121,99.95652428246788,99.94811389482211,99.88845389596636,99.97598773130674,100.12830717361916,100.05724588544754
Çanta (Kadın İçin),0.0012070865680402101,Çeşitli mal ve hizmetler,100,100.0,99.98768782126054,99.98768782126054,99.97816000439644,99.97816000439644,99.9785560794019,99.9898409567032,100.04733034936496,99.90492206407036,99.74645202201394,99.9548881680323,99.55337550043696,99.84492488329563
Çarliston Biber,0.0006598109450119056,Gıda ve alkolsüz içecekler,100,101.77214026426392,107.9494061670271,113.401728168028,113.401728168028,113.401728168028,113.401728168028,113.401728168028,113.401728168028,113.401728168028,109.79693458854382,109.79693458854382,109.79693458854382,109.79693458854382
Çay,0.007590189113948864,Gıda ve alkolsüz içecekler,100,100.0,100.0,100.0,100.0,100.0,100.0,100.0,100.0,100.0,100.0,100.0,100.0,100.0
Çelik Mutfak Eşyaları,0.0015014178131717126,Ev eşyası,100,100.0,100.00908375422205,100.01292347917132,100.00828418811687,100.000650571932,99.9958610838964,99.99726033237708,100.04907713397898,100.09822528179926,100.19902025694856,99.995934730922,99.91019937946923,99.99344532425147
Çikolata Krem,0.0017505254214233148,Gıda ve alkolsüz içecekler,100,100.1335794836986,100.1335794836986,100.78705351033784,100.78705351033784,100.78705351033784,100.78705351033784,100.78705351033784,100.78705351033784,100.78705351033784,100.78705351033784,100.78705351033784,101.61557166476398,101.61557166476398
Çikolata Tablet,0.002907871894519125,Gıda ve alkolsüz içecekler,100,100.0,100.0,101.04794794219455,101.04794794219455,101.04794794219455,101.04794794219455,101.04794794219455,101.43992314404407,101.43992314404407,101.43992314404407,101.43992314404407,103.1145374603181,103.1145374603181
Çilek,0.0009863926319807082,Gıda ve alkolsüz içecekler,100,119.52212812366466,115.8422179392322,109.50127296828664,106.19646629322617,94.88873864280797,94.88873864280797,85.63400543818143,83.17875645489717,79.65174210688413,79.65174210688413,79.65174210688413,79.65174210688413,79.65174210688413
Çiğ Köfte,0.004301389285154936,Lokanta ve oteller,100,100.0,100.0,100.0,100.0,100.0,100.0,100.0,100.0,100.0,100.0,100.0,100.0,99.99999999999999
Çocuk Kitapları,0.00033586047864950285,Eğlence ve kültür,100,100.0,99.99633207213276,100.00110979100184,100.00070060832782,100.00962018516616,100.01295935837192,100.0240261822168,100.04578186571312,100.0687905225218,100.0593730384844,100.29558347651611,100.5727782246793,100.64987353869769
Çorap (Erkek için),0.0007825251864439066,Giyim ve ayakkabı,100,100.0,99.999967441033,100.01286722385004,99.9990827859828,100.00468878577594,100.0046895274941,99.98576626422992,100.0117554112123,100.0550473547618,100.80826031287118,99.9261804541994,99.60520470157972,99.42130478752392
Çorap (Kadın için),0.000946544297683408,Giyim ve ayakkabı,100,100.0,100.0,99.99410009907812,99.98829911680396,99.95515802329052,99.9691360500303,99.96506039286886,100.00872439407736,99.92062897563883,99.7167870350404,99.85223656926698,99.72528689269228,99.66388485131358
Çorap (Çocuk için),0.0006243225654082054,Giyim ve ayakkabı,100,100.0,100.0,100.00951654046456,100.01494826855117,100.06275765222762,100.06142905122054,100.01872477167686,100.04324459116634,100.07248299293688,100.09323326345844,99.826361069709,99.90045766252685,99.9317519009281
Çorbalar,0.00356466221523973,Lokanta ve oteller,100,100.0,100.0,100.0,116.46043234023868,118.0484133413416,118.0484133413416,118.0484133413416,118.0484133413416,118.0484133413416,118.0484133413416,118.0484133413416,118.0484133413416,118.04841334134159
Örgü Yünü,0.0008351891766645071,Giyim ve ayakkabı,100,100.0,99.9962494823544,99.9755227850678,99.9721557480964,99.9711692512396,99.97495492521524,99.97073495883424,99.99822729299618,99.9917421677032,100.12304780731574,100.18336258352718,100.15103116222052,100.18721892475482
Özel Lise Ücreti,0.007503296471228164,Eğitim,100,100.0,100.0,100.0,100.0,100.0,100.0,100.0,100.0,100.0,100.0,101.21319924346686,103.68290711683456,106.21287844423166
Özel Üniversite Ücreti,0.006247820646041153,Eğitim,100,100.0,101.24928618533647,100.494844980977,100.26312309575545,100.37917094504476,100.98977660505622,101.11605076679976,101.22090519635373,101.45504936961666,100.47561217283784,100.18301103387635,100.95967993047012,100.92698044371171
Özel İlköğretim Ücreti,0.00473874296750024,Eğitim,100,100.0,100.0,100.0,100.0,100.0,100.0,99.99999999999994,100.0,100.00000000000009,100.0,99.99999999999996,99.99999999999996,99.99999999999993
Ütü,0.0005602816427766048,Ev eşyası,100,100.0,100.00241350053602,99.99538872905184,100.00081189357596,99.99592708350542,99.99282454286733,99.99069904705736,100.0650086615813,100.04733585436438,100.15202510194284,100.16534143323126,100.1830644258079,100.03822808399342
Üzüm,0.0018530370923126155,Gıda ve alkolsüz içecekler,100,100.0,100.0,100.0,100.0,100.0,100.0,100.0,100.0,100.0,100.0,100.0,100.0,100.0
İç Çamaşırı (Erkek için),0.0011625131927928097,Giyim ve ayakkabı,100,100.0,100.00366160811642,100.02864917207128,100.03427894188783,100.0431906259393,100.02728494986648,100.04271727105166,100.0170395594497,99.87064424538065,100.58673083681944,99.9324132417281,99.61982962736688,99.4110807512164
İç Çamaşırı (Kadın için),0.0021913199514974188,Giyim ve ayakkabı,100,100.0,100.01083492730412,100.01706294400644,100.01058682482936,100.01728207290594,99.98584612507976,99.98723638305869,99.97704701719536,100.06652779791308,99.73438505585736,99.57929416039336,99.44028040294742,99.20067959724491
İç çamaşırı (Çocuk için),0.00048483758004000404,Giyim ve ayakkabı,100,100.0,100.0,100.01907981909724,100.01494483795076,100.01390854338376,100.01358637455908,100.01358637455908,100.00566856947526,99.99545963883668,100.0024900757062,99.84105533958989,99.7498708295112,99.68238451216169
Şeftali,0.0009731875589183083,Gıda ve alkolsüz içecekler,100,100.0,100.0,100.0,100.0,100.0,100.0,100.0,100.0,100.0,100.0,100.0,100.0,100.0
Şehriye,0.0003356179898640028,Gıda ve alkolsüz içecekler,100,100.0,100.0,100.0,100.0,100.0,100.0,100.0,100.0,100.74311647685792,100.74311647685792,100.74311647685792,100.74311647685792,100.74311647685792
Şemsiye,0.0003437142938583029,Çeşitli mal ve hizmetler,100,100.0,100.00384715812795,100.03496229782488,100.06375427078888,100.01974165482896,100.04907438897354,99.98413878840356,100.18349709908442,99.9935190013171,99.26833697639933,96.9603079017262,95.76492752301296,95.2753590251618
