,Pirinç,Un ve diğer tahıllar,Ekmek,"Diğer fırıncılık ürünleri (bisküvi, kek, kraker, yufka, baklava vb.)",Makarna çeşitleri,Kahvaltılık tahıl ürünleri,Dana eti,Kuzu eti,Tavuk eti,Diğer etler ve yenilebilir sakatatlar,"Şarküteri ürünleri (sucuk, sosis, salam vb.)",Taze balık,Konserve edilmiş veya işlenmiş balık,Süt,"Diğer süt ürünleri (yoğurt, hazır sütlü tatlı vb.)",Peynir,Yumurta,Tereyağı,Margarin,"Sıvı yağlar (zeytinyağı, ayçiçek yağı)",Taze meyveler,Kuru meyve ve sert kabuklu yemişler,Taze sebzeler (patates hariç),Patates,Kuru baklagiller,"Konserve edilmiş veya işlenmiş sebze içerikli ürünler (salça, turşu, zeytin vb. dahil)",Şeker,"Reçel, marmelat, bal vb. ürünler",Çikolata ve şekerlemeler,Dondurma,"Başka yerde sınıflandırılamayan diğer gıda ürünleri (tuz, kabartma maddeleri, sirke, ketçap, mayonez vb.)",Kahve,Çay ve bitki çayları,Toz kakao,Su ve maden suyu,"Alkolsüz içecekler (meşrubat, ayran vb.)",Meyve ve sebze suları,Erkek giyim,Kadın giyim,Çocuk giyim,Bebek giyim,"Diğer giyim eşyaları ve aksesuarları (kravat, kemer, eşarp vb.)",Giyim eşyalarının temizlenmesi ve tadilatı,Erkek ayakkabısı,Kadın ayakkabısı,Çocuk ve bebek ayakkabısı,Ayakkabı bakım ve tamiri,Gerçek kira,Konutun bakım ve onarımı için malzemeler,Su (şebeke suyu),Elektrik,Doğalgaz ve ilgili abonelik ücretleri,Tüpgaz (ev tüpü),"Katı yakıtlar (odun, kömür)",Mutfak mobilyaları,Yatak odası mobilyaları,Yemek odası ve oturma odası mobilyaları,Halı,Ev tekstili,"Buzdolabı, derin dondurucu",Çamaşır ve bulaşık makineleri,"Fırın, ocak ve fırınlı ocak",Klima ve ısıtıcılar,Diğer büyük ev aletleri (elektrikli süpürge vb.),Elektrikli küçük ev aletleri,"Cam, porselen, seramik vb. mutfak eşyaları",Çatal-bıçak takımı,"Elektriksiz mutfak eşyaları ve ev gereçleri (tencere, tava, çaydanlık vb.)","Çeşitli küçük aksesuarlar (pil, ampul vb.)",Evle ilgili küçük bakım-tamir mal ve hizmetleri,"Ev ile ilgili temizlik malzemeleri (deterjan, yumuşatıcı vb.)","Ev ile ilgili diğer temizlik malzemeleri (bulaşık süngeri, çöp torbası vb.)",Ev içi hizmetler (gündelikçi ücreti),Ev eşyalarının yıkanması ve temizlenmesi hizmetleri,Dizel otomobiller (sıfır km),Benzinli otomobiller (sıfır km),Motosikletler,Bisikletler,"Kişisel ulaştırma araçlarının yakıt ve yağları (benzin, motorin, motor yağı)",Kişisel ulaştırma araçlarının bakım ve onarımı,Kişisel ulaştırma araçları ile ilgili diğer hizmetler (köprü ve otoban geçiş ücretleri dahil),Demiryolu ile şehir içi yolcu taşımacılığı,Otobüs ile şehir içi yolcu taşımacılığı,"Diğer satın alınan ulaştırma hizmetleri (nakliye, kargo vb.)","Mobil telefon, ekipman ve aksesuarları",Telefon (mobil ve sabit hat) ve internet ücretleri,Televizyonlar,Bilgisayar ve ekipmanları,Müzik enstrümanları,"Oyunlar, oyuncaklar ve hobiler","Spor, kamp ve açık hava eğlence malzemeleri",Evcil hayvanlar ile ilgili ürünler,Evcil hayvanlarla ilgili veterinerlik ve diğer hizmetler,Kitaplar,Kırtasiye malzemeleri,Okul öncesi eğitim ve ilköğretim,Orta öğretim,Üniversite eğitimi,"Lokanta, pastane, kafe vb. yerlerde yenen yemekler","Lokanta, pastane, kafe vb. yerlerde içilen içecekler",Erkekler için kuaförlük hizmetleri,Kadınlar için kuaförlük hizmetleri,Kişisel bakımda kullanılan elektrikli aletler,"Kişisel hijyen ve bakım için kullanılan ürünler, kozmetikler","Mücevheratlar, saat ve kol saatleri",Seyahat malzemeleri ve diğer kişisel aksesuarlar,Başka yerde sınıflandırılmamış diğer kişisel aksesuarlar,Başka yerde sınıflandırılmayan diğer mali hizmetler (para havale ücreti vb.)
2025-01-01,109.92995498303344,104.97027718672128,111.66946072355574,104.37623134024996,106.38512961846835,116.87286745654376,112.99389461781874,111.3403189995353,104.68091350009016,111.03632000889245,107.91072769923238,118.76632971126352,107.99321768051642,107.93245638137094,104.59809985135436,105.83312802426946,109.70988574266796,102.468486878561,113.13121246647454,107.46971072153546,115.8325519983138,105.90185090550496,129.15321530439755,120.65631613655889,105.08537669389436,103.85833398704642,110.00960170935444,106.3496953800118,112.17213707477036,116.96087259358464,105.6187087574288,113.7809532112626,112.52626205122192,103.1322445728292,103.80082315124238,105.44523461817012,109.67651983813586,99.35491229702514,99.2813867700768,99.34317565025168,99.78614414268151,99.44372502909185,98.31726190421233,99.13613010992204,99.21072294083905,99.48769758005594,97.69591393735796,100.41186983016391,99.44376848541391,124.5659522287137,100.0,100.0,98.66758810485274,98.91085627918461,99.7937498595106,99.54779878992747,99.84357073115224,96.02545625569098,94.04767077351799,99.96109558222477,99.77024766651382,99.73279804697617,99.70108684949713,99.88522435667586,99.12228608607407,99.18781540524768,99.4879994142789,99.27419106011743,99.21720654743991,98.93207027521295,99.26649070593686,98.89883539883691,98.61493769559532,97.97495358657433,99.83735075921784,99.71263352635,98.96972743848437,97.64470394347669,102.1024176867181,94.9782986680802,100.18948983732382,97.1639292007173,97.1639292007173,93.3335942800678,100.01909931028827,100.0,100.00235259477718,99.94089700923415,99.6805116460166,99.33703834069397,97.42526922026914,99.37772249071853,95.71813246072614,99.4748881956584,96.68568217312776,100.0,98.97964298740906,97.76022205194887,99.14712718444254,100.26415556648412,100.0,100.0,98.93444633961111,99.18813359051714,99.43836127712785,99.10436375183004,98.8359189549345,100.0
2025-01-02,109.92995498303344,106.42155585487436,111.66946072355574,104.5786807655276,106.38512961846835,117.06724976040378,113.60400122879412,111.3403189995353,105.19889339471796,111.03632000889245,110.40268946981485,117.6204671441423,107.99321768051642,107.87263347215196,104.65114834259084,105.83286203987616,109.70988574266796,102.58833306204473,113.13121246647454,107.46971072153546,115.39387711235524,105.90185090550496,129.39032382328477,125.06360186900196,106.6963419106032,103.84162751461714,110.00960170935444,107.20526012910514,112.17428462990694,118.33630373049178,106.1367578887187,114.15806308261018,112.52626205122192,104.76358944723054,103.80082315124238,105.44523461817012,109.74014956687093,99.48359606501812,99.42469509986148,99.47419447555944,99.82887869534841,99.55473191727637,98.65152884718376,99.30830499815185,99.36807840578813,99.5899476695546,98.15244445407966,100.525395110772,99.55476672113998,124.5659522287137,100.0,100.0,98.93264260129679,99.12773187683824,99.83496582820439,99.63807514655628,99.87483699656923,96.8075219845051,95.20909461307949,99.96887525474837,99.8161558654454,99.78618125893647,99.76079791473533,99.90816894174063,99.29721038922386,99.34972288703891,99.59018938503165,99.4189301807566,99.37327348389822,99.14473992057596,99.41276086802914,99.11809396948286,98.89040687033382,98.37665534513664,99.8698594297724,99.77004068142978,99.17492926208197,98.11128285863995,102.2627225513434,95.96204815103346,100.1515631664901,97.7246345664428,97.7246345664428,94.6303382992169,100.01527915642599,100.0,100.00188207139402,99.95271481219564,99.74432755402744,99.46927812218361,97.9348565796867,99.5018674354013,96.55958115612802,99.57968949791245,97.33963930483026,100.0,99.18287806854514,98.2041279525142,99.31711783936586,100.21126868955443,100.0,100.0,99.14664485369104,99.34997785067999,99.5504361025816,99.28284695961072,99.06764601587234,100.0
2025-01-03,109.92995498303344,106.37993519762664,111.66946072355574,104.58573368796117,106.38512961846835,117.17626716500818,113.51066898986149,111.25622724064816,106.04531656127578,113.88958821037482,110.35664751408238,121.50158785445127,107.99321768051644,107.84627866770562,104.63778961955596,105.82770898667656,109.70988574266796,102.58833306204473,112.59736019641332,107.3666325848951,119.27168176099896,105.47372991123144,129.5408678942357,123.5752416484122,106.6963419106032,103.8416394666796,110.00960170935444,107.246225570594,112.15789425181656,118.33630373049178,106.18804391004204,113.97451156555964,112.53544947816516,104.76358944723054,103.88945370010256,105.4210062432965,109.9015990915805,99.6124465033021,99.56821028893826,99.60538609514796,99.87163154957418,99.66586272005902,98.98693225782117,99.48077891149092,99.52568344801692,99.69230284823573,98.61110832627445,100.63904874263336,99.6658888520937,124.5659522287137,100.0,100.0,99.19840912372054,99.34508300393956,99.87619881956822,99.7284333716007,99.90611305309591,97.59595713688704,96.38486123565738,99.97665553274057,99.8620851885375,99.8395930449203,99.820544740981,99.93111879739457,99.47244338694722,99.5118946556536,99.6924843211087,99.56388032717015,99.52958591092718,99.35786673193107,99.55924656066115,99.33783863605308,99.16664553565869,98.78000409914958,99.90237868568057,99.82748088730098,99.38055654697465,98.58009124324992,102.42327910099443,96.95598694100508,100.11365085277471,98.28857560316,98.28857560316,95.9450988221144,100.01145914847159,100.0,100.00141155022473,99.9645340125877,99.80818431726712,99.60169394435354,98.44710935926635,99.62616746481436,97.40842694431463,99.68460121308735,97.99801963467847,100.0,99.38653045264329,98.65004952412058,99.4873999482484,100.15840970915202,100.0,100.0,99.35929849953794,99.51208619046203,99.66263724514616,99.46165160889261,99.2999163755556,100.0
2025-01-04,110.21668253346355,106.46603105635046,111.65246263210958,105.02071950985194,106.38512961846835,117.57759301129512,113.58760718076904,111.05895072663378,106.08814486823508,115.78587253378406,110.62779499792828,121.26403370022912,107.99321768051644,108.56672962313505,104.7213811541231,105.89783589954716,109.70988574266796,102.58833306204473,112.59736019641332,107.09511860083578,118.43243966802186,105.47372991123144,129.62553986324258,123.5752416484122,106.93587557340584,103.82378021742376,110.00960170935444,107.27752265477184,112.76085812475633,119.11593417592856,106.0554124307444,115.35655904529015,112.53544947816516,105.6040099957022,103.88945370010256,105.69482304285113,111.4802956340818,99.74146382774724,99.71193263589946,99.73675073690713,99.91440271319667,99.77711757576301,99.32347599997885,99.65355236927174,99.68353846337324,99.7947632241064,99.07191552305812,100.75283087086146,99.7771350165658,124.5659522287137,100.0,100.0,99.46488958486647,99.56291070315203,99.91744884063263,99.81887353930432,99.93739890379838,98.39081358770497,97.57514776472516,99.98443641624849,99.90803564551021,99.89303342022228,99.88032734965145,99.95407392484842,99.6479856240074,99.67433114249572,99.7948843303261,99.70904180702802,99.6861442146792,99.57145169202664,99.70594810141928,99.5580704762215,99.44365584105093,99.18500660136927,99.93490853038912,99.88495416299182,99.58661017530518,99.05113975045413,102.58408773082672,97.96022057500353,100.07575289074276,98.85577098300473,98.85577098300473,97.27812616370491,100.0076392864195,100.0,100.0009410312693,99.97635461057561,99.87208196189135,99.73428604155323,98.96204150061108,99.75062277269315,98.26473485240166,99.78962345750807,98.66085308004907,100.0,99.59060099655245,99.09799591945045,99.65797401079648,100.10557861056218,100.0,100.0,99.57240825333645,99.67445904075927,99.7749648471908,99.64077827857966,99.53273130778254,100.0
2025-01-05,110.13497431192444,106.46603105635046,111.65246263210958,105.02071950985194,106.29786649485024,117.57759301129512,113.58760718076904,110.64574146237145,106.18600258926072,115.78587253378406,110.57131738542684,122.89071468010587,107.99321768051644,108.58506373105432,104.72426665229116,105.9017134195563,109.70988574266796,102.58833306204473,112.59736019641332,107.33227265063212,117.77312261367618,105.47539288395971,129.62553986324258,123.5752416484122,107.06826691354112,103.80954714256772,110.00960170935444,107.27752265477184,112.76085812475633,119.11593417592856,105.81507300274492,115.53366907900342,112.53544947816516,105.6040099957022,103.88945370010256,105.62390178078448,111.4802956340818,99.87064825450331,99.8558624397684,99.86828862902735,99.95719219405709,99.88849662286594,99.66116395064772,99.82662589172877,99.84164384833277,99.89732890528475,99.53487606013186,100.86674164073378,99.88850535300135,124.5659522287137,100.0,100.0,99.73208590261535,99.78121601942523,99.95871589843111,99.909395723978,99.96869455174374,99.19214363431459,98.78013351110899,99.99221790531925,99.95400724608804,99.94650240014519,99.9401457621768,99.97703432531314,99.82383764612909,99.83703277967335,99.89738952061064,99.85441492844872,99.84294878191409,99.78549578572361,99.85286580835789,99.77879057005126,99.72143994199588,99.59166963223845,99.96744896734593,99.94246052754146,99.79309103104542,99.52443908430438,102.7451488366162,98.97485568314991,100.03786927496145,99.42623948586446,99.42623948586446,98.62967411672052,100.00381957026417,100.0,100.00047051452773,99.98817660632461,99.93602051407258,99.86705464844411,99.47966701824603,99.87523355301511,99.1285704791518,99.8947563476222,99.32816976067215,100.0,99.79509055888093,99.54797633274644,99.82884052757323,100.0527753790779,100.0,100.0,99.78597509336493,99.83709683317082,99.88741905124529,99.82022754861845,99.76609208933792,100.0
2025-01-06,109.82887408067162,106.46603105635046,111.65246263210958,105.03414352183653,106.29786649485024,117.57759301129512,113.58760718076904,110.64574146237145,106.26126322352012,115.78587253378406,110.580986472994,122.2331576925273,107.99321768051644,108.51405073943616,104.74333977279012,105.95648236724804,109.70988574266796,102.58833306204473,112.59736019641332,107.33227265063212,117.6324506989387,105.47539288395971,130.233011014914,123.5752416484122,107.06826691354112,103.78205680296328,110.00960170935444,107.36384543020364,112.76085812475633,119.11593417592856,105.81507300274492,115.96638300514586,112.53544947816516,105.49336567741148,103.88945370010256,105.64974634555172,111.480515960451,100.0,100.00000000000004,100.0,100.0,100.0,100.0,100.0,100.0,100.0,100.0,100.98078119769208,100.0,124.5659522287137,100.0,100.0,100.0,100.0,100.0,100.0,100.0,100.0,100.0,100.0,100.0,100.0,100.0,100.0,100.0,100.0,100.0,100.0,100.0,100.0,100.0,100.0,100.0,100.0,100.0,100.0,100.0,100.0,102.90646281476016,100.0,100.0,100.0,100.0,100.0,100.0,100.0,100.0,100.0,100.0,100.0,100.0,100.0,100.0,100.0,100.0,100.0,100.0,100.0,100.0,100.0,100.0,100.0,100.0,100.0,100.0,100.0,100.0,100.0
2025-01-07,109.82887408067162,106.46593901602664,111.97595483540924,105.03870972255996,106.07635184991412,117.57759301129512,113.79414150253756,110.85103668380108,106.28637724661372,115.78587253378406,110.580986472994,121.06174264816794,107.99321768051644,108.55327783041535,104.758995896197,105.96046589767286,109.70988574266796,102.58833306204473,113.19582297091053,107.71639987203427,117.26135212253774,105.47539288395971,132.04127391207544,123.5752416484122,107.06826691354112,103.78205680296328,110.00960170935444,107.36384543020364,112.76085812475633,119.11593417592856,105.8450133904697,116.11092474375934,112.53544947816516,105.49336567741148,103.88945370010256,105.69927925849132,111.480515960451,100.00958454244608,100.00242625510144,100.01179054731104,100.01254415938054,99.99949576369282,100.0,100.00258691054717,100.00025641620388,100.0024084823464,100.0,101.16077380166467,100.10734271974349,124.5659522287137,100.0,100.0,100.0,100.7395358783527,100.03944763316662,99.99098886427193,100.06130158629612,100.0414229672642,100.07224401494516,100.02427544685908,100.01351287962238,99.99898190700176,100.01322512732447,100.0072732541548,100.02109129962378,100.04048796455191,100.00879712563236,100.3783204565333,99.99824133699576,100.00613763645865,100.01396000744634,100.02081827819612,100.0,100.0,100.00486616436358,100.21546469702776,100.08174462179764,98.06751458956472,103.78580280595784,100.0,100.15018767256151,100.0,100.0,100.0,100.0,100.0,100.00541145512992,100.0061464260504,100.00135774573216,99.9995529119344,100.01818560398289,100.0032132680244,100.0,100.0001192384802,100.0277067987193,100.0,100.0,102.10840372527534,100.22672711333068,100.0468971099158,100.0,100.0,100.01302706896298,99.80932460702856,100.00138887167893,99.99184185964944,102.77276030391664,100.0
2025-01-08,109.86688405621412,106.49291653515289,111.97595483540924,105.03977120541876,106.07635184991412,117.57759301129512,113.79414150253756,110.85103668380108,106.39572433247623,115.78587253378406,110.58417218063028,124.29394373291542,107.99321768051644,108.55327783041535,104.71890155311596,106.05564387301663,109.88389720121047,102.58833306204473,112.66166581182966,107.82575713367316,117.879510056682,105.47539288395971,135.1365981838621,126.39552103179172,107.06826691354112,103.70633960231936,110.00960170935444,107.36384543020364,112.76085812475633,119.11593417592856,105.85418247704858,116.11092474375934,112.53544947816516,105.49336567741148,103.88945370010256,105.67506065190275,111.480515960451,100.00958454244608,100.00242625510144,100.01179054731104,100.01254415938054,99.99949576369282,100.0,100.00258691054717,100.00025641620388,100.0024084823464,100.0,101.16077380166467,100.10734271974349,124.5659522287137,100.0,100.0,100.0,100.7395358783527,100.03944763316662,99.99098886427193,100.06130158629612,100.0414229672642,100.07224401494516,100.02427544685908,100.01351287962238,99.99898190700176,100.01322512732447,100.0072732541548,100.02109129962378,100.04048796455191,100.00879712563236,100.3783204565333,99.99824133699576,100.00613763645865,100.01396000744634,100.02081827819612,100.0,100.0,100.00486616436358,100.21546469702776,100.08174462179764,98.06751458956472,103.78580280595784,100.0,100.15018767256151,100.0,100.0,100.0,100.0,100.0,100.00541145512992,100.0061464260504,100.00135774573216,99.9995529119344,100.01818560398289,100.0032132680244,100.0,100.0001192384802,100.0277067987193,100.0,100.0,102.10840372527534,100.22672711333068,100.0468971099158,100.0,100.0,100.01302706896298,99.80932460702856,100.00138887167893,99.99184185964944,102.77276030391664,100.0
2025-01-09,110.12167966545972,106.775611633759,111.692665018014,105.51784983282008,106.07635184991412,117.48837863740992,113.42056983157724,111.33833477423286,106.532682561888,115.78587253378406,110.3809278400098,126.97539691019378,107.99321768051644,108.55327783041535,104.69328234555256,106.79660442632988,110.34166447495326,103.343326325527,112.66166581182966,107.65194008435672,118.39783017110024,105.78860175573736,135.00440565759794,126.39552103179172,107.72522141021808,103.93377134451713,109.65889780235584,107.9451253719449,113.58123566890008,119.2646432073592,105.86869131181994,116.35752301825768,112.53544947816516,105.49336567741148,103.88816859221603,105.66435935191514,111.480515960451,100.02000982282588,100.0026365090823,100.01288457337088,100.11942534269234,100.0085845316733,100.0,99.99862005589216,99.99917614044809,100.08488398756134,100.0,101.49802135578896,100.07170139196838,124.5659522287137,100.0,100.0,106.98447893569842,100.3716021438404,100.0543449671537,99.98621679742612,100.06627109193836,100.0607072961961,100.06813628691384,100.02143440136848,99.99979445072624,100.0483235719953,100.026147295142,100.0216321263809,100.0287496019386,100.0373366219784,100.00671460985254,100.6499122502796,99.99807496851454,100.00845997631316,100.01381039959884,100.0172787903692,100.0,100.0,100.00486616436358,100.33305921510744,101.12107227543194,97.81565410175722,104.72001341384392,100.0,88.1468873823853,100.0,100.0,100.0,100.0,100.0,100.00678361980252,100.00807437754302,100.0265628536486,100.01563818140822,99.9953473040458,100.00792031964149,122.85634447519696,100.00387631777488,100.03134964744332,100.0,100.0,101.93055123795268,100.72644654538615,100.35951856991318,100.0,100.0,100.03056085886256,100.15408292101526,100.00558020360651,100.00498686240688,101.91734855466376,100.0
2025-01-10,110.12167966545972,106.775611633759,111.692665018014,105.57649227043376,106.07635184991412,117.48837863740992,112.85526613738838,111.3918024918888,106.19615057442364,115.78587253378406,110.2801949615956,131.8836245576187,107.99321768051644,108.7965171941297,105.9711858734054,106.92831264004803,110.34166447495326,103.84771645930738,112.66166581182966,107.65194008435672,117.5977395233273,105.44015303176862,135.28286184447356,126.39552103179172,107.739590679127,103.90512378010376,109.65889780235584,108.37024424755016,113.58123566890008,119.37631422159828,105.88668634762509,116.5758161598331,112.53544947816516,105.49336567741148,103.88816859221603,105.80976173515135,111.480515960451,100.0233069151483,100.00465680819453,100.0186457824016,100.1466346788587,100.01178201732095,100.0,100.00250439687689,100.0209854053562,100.11689572197166,100.0,101.66089344101918,100.05911068316507,124.5659522287137,100.0,100.0,106.98447893569842,100.67222883849438,100.05816308129675,100.00669805657502,100.05209731521504,100.0241413891014,100.10491596564312,100.01126447828592,99.9910889417324,100.04077286612755,100.04605587316422,100.02975709602754,100.03778912461183,100.01642831122066,99.995782092401,100.71720706032896,99.99160059917168,100.01985025053123,100.01623696716028,100.00868512357646,100.0,100.0,100.07625793842551,100.35495398267273,101.13886445689958,97.04015898727022,104.91102671042609,100.0,88.1468873823853,100.0,100.0,100.0,100.0,100.0,99.9960248524065,100.00589502448808,100.0265628536486,100.01850421311154,99.98762161927137,100.01633340901108,122.85634447519696,100.00464642042046,100.02970002579109,100.0,100.0,102.23728433408432,101.56585468831098,100.35951856991318,100.0,100.0,100.035134491552,100.17773213073752,100.006675930499,100.00038116014004,101.81022884737372,100.0
2025-01-11,110.40556699586767,106.775611633759,111.692665018014,105.57961415873712,106.07635184991412,117.48837863740992,112.85526613738838,111.47389965750232,106.15811214676609,115.78587253378406,110.39306774056402,131.8836245576187,107.99321768051644,108.7909011653676,106.27541618578286,107.14771805906916,110.9931339201624,103.84771645930738,112.66166581182966,107.7474114833033,117.24480733977585,105.44015303176862,135.05660176428967,126.39552103179172,107.739590679127,103.90512378010376,109.65889780235584,108.37024424755016,113.67750729374526,121.39816969955866,105.97519643312256,116.80814201952832,112.53544947816516,105.49336567741148,103.88816859221603,105.94140226696209,111.480515960451,100.01631932651306,100.00517473326128,100.019379070104,100.1439230325206,100.01321739030458,100.0,100.0067522286374,100.02360153032254,100.11689530054252,100.0,101.82333346598378,100.06891706352656,124.5659522287137,100.0,100.0,106.98447893569842,100.9458080996302,100.07067940125796,100.00644015539056,100.0461625918362,100.0119969442987,100.113221625194,100.021344829997,99.94502972523335,100.01223841671025,100.0325943798604,100.02249264712351,100.02891613848918,100.05098043355676,99.99609168199636,100.67111044773232,99.99336872853206,100.01823079248368,100.0124702428504,100.00931663927832,100.0,100.0,100.07625793842551,100.7840614327684,101.31997444558894,95.9219694331166,104.91104173535876,100.0,88.1468873823853,100.0,100.0,136.12348239445947,100.0,99.99999999999996,99.99103776524002,100.00513169878666,100.0260846237631,100.0283679290888,99.98941445140429,100.01595872682392,122.85634447519696,100.00095745451424,100.0376822810169,100.0,100.0,102.84778857753544,101.6844203719262,100.35951856991318,100.0,100.0,100.03509193935628,100.13990791495095,100.01018029801438,99.99908215422496,101.63881842312756,100.0
2025-01-12,110.40556699586767,106.7706099756643,111.692665018014,105.60600568645935,106.07635184991412,117.48837863740992,112.80525417202996,112.11408364804883,106.20107081884925,115.78587253378406,110.51926622908012,131.61576180807302,107.99321768051644,108.98106221722836,106.2813701159138,107.15163121112076,110.9931339201624,103.84771645930738,113.26047037513035,107.7474114833033,117.25723250367304,105.44034446402756,134.95470102638654,126.39552103179172,107.739590679127,103.95974363286264,109.65889780235584,108.4859352767778,113.67750729374526,121.39816969955866,106.08448115467353,116.80814201952832,112.53544947816516,105.49336567741148,103.88816859221603,106.03323814785932,111.480515960451,100.00996079355434,100.01328611946788,100.01988337013296,100.1446875585364,100.013470120727,100.0,100.002730963892,100.02407527265078,100.07139652086124,100.0,101.98005090253984,100.08897507140132,124.5659522287137,100.0,100.0,106.98447893569842,101.25968805704824,100.0622482755536,100.01178829527976,100.0434301329004,100.02014788129496,100.13842602031234,100.0310664620819,99.95442122607398,99.98343396375518,100.03498583533217,99.99575817347475,100.02293897060528,100.06487124596067,100.00866244771984,100.69642660004862,99.99219020207588,100.01983153347442,100.02292141943803,100.00898270500012,100.0,100.0,100.07625793842551,100.7840614327684,101.57245905708214,98.8314658902812,104.91107571259144,100.0,88.1468873823853,100.0,100.0,136.12348239445947,100.0,100.0,100.0041058675808,100.00508266825236,100.02715585358504,100.04482883931188,99.98446729997843,100.01174126900456,122.85634447519696,100.00236351726863,100.03952779110904,100.0,100.0,104.1022228817576,101.68397130255678,100.35951856991318,100.0,100.0,100.04235810682076,100.2727092255296,100.0076920246798,100.00093214584344,101.75946941397456,100.0
2025-01-13,110.40556699586767,106.7706099756643,111.692665018014,105.85269067057013,106.07635184991412,117.48837863740992,112.80525417202996,112.11408364804883,106.43403880352656,115.78587253378406,110.5186976680478,132.25711288202652,107.99321768051644,110.04114396576892,106.9137260499161,107.55184073199528,110.9931339201624,104.63676050090852,113.26047037513035,107.80084877837687,116.55208104530836,105.49210623180215,134.45427368726988,126.39552103179172,107.739590679127,103.95974363286264,109.65889780235584,108.60461041282474,113.67750729374526,121.39816969955866,106.08448115467353,116.80814201952832,112.53544947816516,105.49336567741148,103.88816859221603,106.38798825922396,111.480515960451,100.0097070949049,100.01276257323286,100.02267908609264,100.14571588686069,100.0124079651386,100.0,100.00246659211584,100.01787342694216,100.06412877537302,100.0,102.1342815732451,100.12612724162298,124.5659522287137,100.0,100.0,106.98447893569842,101.6297793323298,100.07268473961716,100.00727110232636,100.03402541823368,100.0400105821909,100.14168867968527,100.04183511326896,99.96122339762842,99.99799885297936,100.04095809856396,100.04316691492816,100.0896806756569,100.05670552316543,100.0068233487725,100.651917074199,99.99662504042644,100.02146448867828,100.02226264768092,99.99662489468562,100.0,100.0,100.07625793842551,100.7840614327684,101.6682144681197,99.0371890421454,104.91511733776798,100.0,90.9601784574965,100.0,100.0,136.12348239445947,99.99891494427956,100.0,100.00371087714038,100.00797211962686,100.03116588751163,100.0401501032032,99.99396929524764,100.01627918259406,122.85634447519696,100.0052144231077,100.0376684906905,99.99999999999994,100.0,104.69087151479576,101.6846573844716,100.35951856991318,100.0,100.0,100.02215105617006,100.30756348398984,100.02080716414336,100.00557834413348,101.8933829210653,100.0
2025-01-14,110.40556699586767,106.7706099756643,111.692665018014,106.2181751581931,106.07635184991412,117.48837863740992,112.80525417202996,112.11408364804883,106.49772864020996,115.78587253378406,110.5186976680478,132.25711288202652,108.43978608069584,110.04114396576892,106.99858596846104,107.59413330588792,110.9931339201624,104.63676050090852,113.26047037513035,107.80084877837687,117.28209999093188,105.49210623180215,131.90506943834782,133.52924461401065,107.739590679127,103.98596872031264,109.65889780235584,108.60461041282474,113.8724593312867,121.67800355773112,106.08448115467353,116.80814201952832,112.53544947816516,105.49336567741148,103.88816859221603,106.41743862305944,111.480515960451,100.041654185476,100.04842543344267,100.04615767037023,100.0699601898006,100.05101775563573,100.0,100.03225193864064,100.15266491571413,100.12422869599465,100.0,102.2813039869336,100.34605322007896,124.5659522287137,100.0,100.0,106.98447893569842,102.29640296481284,100.10259332524252,100.01233860745788,100.10011249003382,100.19228579486465,100.25956702990574,100.1123022652287,100.36667144558066,100.05601648284087,100.16173993538334,100.08180295590554,100.19013961346234,100.14832108383158,99.98658786609954,100.72237298163384,100.04052871794958,100.05311618925576,100.01578821400857,100.0006215003792,100.0,100.0,100.59478091750783,101.61725854651154,101.5361430564096,99.23576037255312,104.91519049728774,100.0,90.9601784574965,100.0,100.0,136.12348239445947,100.00298359964484,100.0,100.08092884042266,100.04067403463424,100.01924421844976,100.137691568123,100.04826334764664,100.08402918979864,122.85634447519696,100.05716990282237,100.10369443447078,100.0,100.0,105.4241546818341,101.6846573844716,100.35951856991318,100.0,100.0,100.20863500879602,100.54647771178894,100.02350055439938,100.08084437983152,101.97509800913264,100.0
2025-01-15,110.40556699586767,106.7706099756643,111.692665018014,106.2181751581931,106.33061748198676,117.48837863740992,112.80525417202996,112.11408364804883,106.49772864020996,115.78587253378406,110.5186976680478,131.90922855315907,108.9371114546224,111.49278537719474,108.06175853425886,108.40859885630718,111.3247027836278,106.14543066174336,113.26047037513035,107.80084877837687,116.9547162632506,105.49210623180215,130.39805776781498,133.52924461401065,107.84819054769984,103.95974759504588,109.65889780235584,108.60461041282474,113.8724593312867,121.67800355773112,106.12153090050626,116.80814201952832,112.53544947816516,105.49336567741148,103.88816859221603,106.7630674373482,111.480515960451,100.14503689884732,100.13454774067264,100.14392485283052,100.08924073306956,100.08120063099057,105.64673085495376,100.118533872701,100.1566895423956,100.04548622356374,100.0,102.43118800722613,100.42978515906478,124.5659522287137,100.0,100.0,106.98447893569842,102.33403074904729,100.03330652881152,99.92101395309292,100.21685907542609,100.40726372559509,100.51104164240928,100.0875928612437,100.3287156578622,99.9751119154136,100.29022265325214,100.06775403888068,100.24823739594008,100.22153589781357,99.78665062980852,100.78410454792888,100.10120194572572,100.08105979125284,100.10882144445264,100.27529987828764,140.56338087349224,119.16005458897284,100.76642608227304,101.85488538049468,101.53645831730118,89.96742539161009,104.92747848801804,137.18033311105785,90.9601784574965,100.0,100.0,136.12348239445947,99.97061183135423,100.0,100.1093406686097,100.0082906606265,100.07527501542016,100.09863265261636,100.16855589666552,100.20388809904692,122.85634447519696,100.07799844061734,100.20267476206436,100.00000000000009,100.0,105.81838229223176,101.77434115781756,100.35951856991318,100.0,100.0,100.30585483967874,100.58498438364782,100.0406462366852,100.05480883460244,102.2497445777741,100.0
2025-01-16,110.40556699586767,106.83741908890028,112.44319244961652,106.23556517593254,106.37640363009766,117.48837863740992,112.80525417202996,112.11408364804883,106.49772864020996,115.78587253378406,110.5186976680478,131.2981533043693,108.9371114546224,111.50774575115814,108.17816377372776,108.49292651669072,111.3247027836278,106.14543066174336,113.26047037513035,108.16816846407528,116.3037251720926,105.53522938022522,129.163503388938,133.12325724820337,107.84819054769984,104.32534308072944,109.65889780235584,108.69012568780128,113.8724593312867,121.67800355773112,106.12153090050626,116.86016504728228,112.53544947816516,105.49336567741148,103.88816859221603,106.8311085407931,111.5641872165183,100.46597951103077,100.48672913940209,100.25254631636004,100.09361527939224,100.17633711143408,105.64673085495376,100.23367189790798,100.30438861915452,100.1529560533547,100.0,102.57617293495146,100.67204421294014,124.5659522287137,100.0,100.0,106.98447893569842,102.27270240470912,100.06050866149069,99.8975678937734,100.25848276358909,100.56240078595827,100.9029580220128,100.05869297700764,100.3191629891144,100.034229484082,100.297748754288,100.01324699176052,100.43098015513864,101.16291507457728,100.19466425793968,101.0290805898481,100.533687613651,100.0353681021522,100.22492759466807,100.21727384414734,140.56338087349224,119.16005458897284,101.06606647347198,101.90234141562856,101.61354975185093,91.15859195587518,107.45160045292924,137.18033311105785,90.9601784574965,100.0,100.0,136.12348239445947,100.00311259464306,100.0,100.1425761346132,100.0208659133256,100.10357164800276,100.10579997853574,100.38674065264864,101.46276681052645,122.85634447519696,100.25092492671426,100.2828285577965,100.00000000000004,100.0,105.53113189594086,101.77434115781756,100.54683072607504,100.0,100.0,101.3129007074481,100.8071109667075,100.06876985786,100.0635041899376,102.52049286782248,100.0
2025-01-17,110.40556699586767,106.83741908890028,113.11002993641156,107.71590070984723,106.4222124261444,117.48837863740992,112.80525417202996,112.11408364804883,106.49772864020996,115.78587253378406,110.98633046985432,131.2981533043693,108.9371114546224,111.56661203448448,108.23379552871936,108.77694904615564,111.3247027836278,106.54194678010984,113.26047037513035,108.16816846407528,116.3037251720926,105.53522938022522,128.20376994400416,133.12325724820337,107.84819054769984,104.33405446511996,109.65889780235584,108.81707972410489,113.8724593312867,121.87857169546363,106.12153090050626,116.86016504728228,112.53544947816516,105.49336567741148,103.88816859221603,106.8311085407931,112.11204343723054,100.38824707107122,100.37613907812266,100.30110471554882,100.07723004470114,100.31285979396026,105.64673085495376,100.5420913919094,100.59248962533258,100.12114035894017,100.0,102.71533480111432,100.8433987551686,124.5659522287137,100.0,100.0,106.98447893569842,102.05651175181148,100.18593694978011,100.01591266077952,100.28404896939998,100.85142702536884,101.26085706243892,100.03010010358732,100.41699279735572,99.91574940917604,100.34783016151252,100.0297048675058,100.54814362453064,101.22864852483724,100.277429382723,101.04441998029408,100.7522239964243,100.24487350719112,100.47016046619962,100.53596428726142,140.56338087349224,119.16005458897284,100.89105075902212,101.86861242915133,101.3013550699668,100.9674588237711,108.08949131681491,137.18033311105785,90.9601784574965,100.0,100.0,136.12348239445947,99.96325974795896,100.00000000000004,100.03876770720146,99.97032127013424,100.29796540775936,100.22891165351302,100.20999426745811,101.88861183360152,122.85634447519696,100.42807957355404,100.3982795415498,99.99999999999996,100.19577544210952,105.55250333082788,102.12318267882816,100.54656324127436,100.0,100.0,101.8136562901894,101.00722630646064,100.14622038868892,100.29418736905627,102.42312753432908,100.0
2025-01-18,110.40556699586767,106.83741908890028,113.11002993641156,108.55305310812786,106.4222124261444,117.48837863740992,112.80525417202996,112.11408364804883,106.49772864020996,115.78587253378406,110.98633046985432,130.9532128007323,108.9371114546224,111.56661203448448,108.29920337198143,108.98011584482664,111.3247027836278,106.54194678010984,113.26047037513035,108.16816846407528,116.34312471470491,105.53522938022522,127.93740936229864,133.12325724820337,107.84819054769984,104.33405446511996,109.65889780235584,108.83649036269144,115.1822940321863,121.87857169546363,106.12153090050626,116.98632214418848,112.53544947816516,105.49336567741148,103.88816859221603,106.8311085407931,112.11204343723054,100.28841610058228,100.483446220165,100.45486175130064,100.05360984848328,100.35547766423625,105.64673085495376,100.6212668567312,100.54576906323992,100.10815294448672,100.0,102.84934444813996,101.028655966325,124.5659522287137,100.0,100.0,106.98447893569842,103.79510895205176,100.18912727074724,100.1014405327125,100.34190368024532,102.0401986917866,103.58168809857465,99.89628891427527,100.4395742095877,100.12198118220265,100.3298640216342,99.93964625100872,100.80513730316608,101.116512133385,100.62958844546743,101.06845811383764,100.81271661683978,100.30968743849246,100.7620489624145,100.71602122592462,140.56338087349224,119.16005458897284,100.89105075902212,101.910348672192,101.42452050906356,102.13407195793756,108.0896696924801,137.18033311105785,90.9601784574965,115.00385958944436,115.00385958944436,136.12348239445947,99.87636970857947,100.00000000000004,99.98795528949724,99.9187827850522,100.32504394513576,100.7277206591448,103.6998902704456,102.10551171357815,122.85634447519696,100.57294203773276,100.4605516965695,99.99999999999996,100.58911449642434,107.0936480387474,102.07516476559051,100.31153621677782,100.0,100.0,102.2246299071013,101.1897610888096,100.23142743695588,100.17193000640614,102.37551035856085,100.0
2025-01-19,110.40556699586767,106.83741908890028,113.11002993641156,108.55305310812786,106.4222124261444,117.48837863740992,112.80525417202996,112.11408364804883,106.49772864020996,115.78587253378406,111.02955475231352,130.9532128007323,108.9371114546224,111.56661203448448,108.29920337198143,109.01533554980004,111.3247027836278,107.07600335544228,113.26047037513035,108.16816846407528,116.34312471470491,105.53522938022522,127.93740936229864,133.12325724820337,107.84819054769984,104.33405446511996,109.65889780235584,109.05192742698802,115.1822940321863,121.87857169546363,106.12153090050626,116.98632214418848,112.53544947816516,105.49336567741148,103.88816859221603,106.8311085407931,112.11204343723054,100.32127388770468,100.626003142689,100.78488215863518,100.02471171301774,100.56246966375473,105.64673085495376,100.72594858404666,100.6463761934594,100.1389669283819,100.0,102.9786235036241,101.01812391032982,124.5659522287137,99.99999999999996,100.0,106.9844789356984,103.5357350159693,100.41689790828312,100.25192162800656,100.37347630002392,102.75036580569775,104.25682553699956,100.0263186808081,100.51553790024036,100.48246355395574,100.38114720720736,99.94000959689616,100.91334998803792,101.2672466085167,100.67116264061892,101.1746714485602,100.82149138547176,100.28214144969148,100.82780252985054,101.90326757812964,140.56338087349224,119.16005458897284,100.81898663259676,101.85130036854112,101.46229500476908,104.49610304587056,108.089492425523,137.18033311105785,90.9601784574965,115.00385958944436,115.00385958944436,136.1234823944595,99.92761953384026,100.00000000000006,99.95482682739188,99.934981352647,100.39563420383368,100.9447765254883,104.29907245926113,102.02645131062523,122.85634447519698,100.64858439708765,100.53425932385744,99.99999999999994,101.34569711805626,107.55217491220324,101.98475669254287,100.13481463861037,100.0,100.0,102.74807253510882,101.53571062078584,100.27076598988086,101.30441985350286,102.39030841549356,100.0
2025-01-20,110.40556699586767,106.83741908890028,113.11002993641156,108.5818995679831,106.4222124261444,117.48837863740992,112.80525417202996,112.11408364804883,106.54990339042024,115.78587253378406,111.02955475231352,132.5336136320488,108.9371114546224,112.6002130660193,109.33647177215326,109.02608648215973,111.3247027836278,108.49343153413254,113.26047037513035,108.16816846407528,116.34312471470491,105.53522938022522,127.80810388042376,133.12325724820337,107.84819054769984,104.33405446511996,109.65889780235584,109.5979056800133,115.18803636470724,121.87857169546363,106.12153090050626,116.98632214418848,112.53544947816516,105.49336567741148,103.88816859221603,106.92685484463394,112.11204343723054,100.63015039944804,100.92841339503428,100.9215289491243,99.97705543691606,100.76086756052126,105.64673085495376,100.87354858861956,100.68784017551364,100.366195024164,100.0,103.1101291703142,101.19862749631504,124.5659522287137,99.99999999999996,100.0,106.9844789356984,104.50840680162624,100.47892999023684,100.65210210869284,100.79180442907207,112.12813437001972,104.60157100226226,99.98259988163925,100.59011760630897,100.62646597682708,100.43495093470688,100.10365685489202,101.03387997926458,101.59276846348452,100.80198491427952,101.37669543758165,101.43076195769108,100.30990197060096,101.1024632243075,102.11217459628712,140.56338087349224,119.16005458897284,100.81898663259676,101.7340407960893,101.88928313873868,102.43738823733612,108.73564137377124,137.18033311105785,90.9601784574965,115.00385958944436,115.00385958944436,136.1234823944595,99.92803919006114,100.00000000000006,99.92251016566082,99.92997441810704,100.60561891159438,101.06706273853256,106.10331017321673,102.15324364529964,122.85634447519698,101.08553816118398,100.75799452528804,99.99999999999994,102.77671525678058,107.51615265266324,102.85750587755066,100.13481463861037,100.0,100.0,102.86866076925132,101.7788356557799,100.49498735063275,101.53931083320666,102.358716212145,100.0
2025-01-21,110.4513073626396,106.83741908890028,113.11002993641156,108.59934196841948,106.4222124261444,117.48837863740992,112.80525417202996,112.11408364804883,106.54990339042024,115.78587253378406,111.02955475231352,132.52073558172637,108.9371114546224,112.78915826749352,109.38669076834768,109.06665593600287,111.3247027836278,108.65843847108252,113.26047037513035,108.16816846407528,116.5043181106089,105.53522938022522,126.53973766157844,131.10539742406144,107.94027350590396,104.33405446511996,109.65889780235584,110.52208339112312,115.18803636470724,121.87857169546363,106.12153090050626,117.10463654747105,112.53544947816516,105.49336567741148,103.88816859221603,106.92685484463394,112.11204343723054,101.15755180364953,101.30262646423118,101.21359618396144,100.32384329158062,101.08188531431962,105.64673085495376,101.07953875554476,101.2985254704272,100.7115734527854,100.0,103.24096662396036,101.48104684075057,124.5659522287137,99.99999999999996,100.0,106.9844789356984,104.44277827875952,100.51393032849572,101.11948248678638,100.98060562948343,116.769446067317,105.18462454129728,99.87309220270993,100.53282454961897,100.55551667999902,100.56918768541672,100.13975198499864,101.66933320911578,102.2224604401928,101.09043622887236,101.71844609068366,101.65043621615696,104.04492819964864,101.54385516255722,102.68235562489537,140.56338087349224,119.16005458897284,100.79340471250426,101.5028153665918,102.03104610086837,103.23558858194488,108.75575348213846,137.18033311105785,90.9601784574965,115.00385958944436,115.00385958944436,136.1234823944595,99.74243739219509,100.00000000000006,100.06897494977444,100.04282532376632,100.75813609835708,101.74996417858064,106.2929785913743,102.3984145792549,122.85634447519698,101.33121938291244,101.0285931642544,99.99999999999994,105.4345936066405,108.21323497583792,103.15445987794728,98.9403232022986,100.0,100.0,103.6925515144931,101.99608863110149,100.85756693323818,102.09822684649006,102.4023506904815,100.0
2025-01-22,111.4272855309536,106.84440274163462,113.11002993641156,108.626376778346,106.8069427084577,117.48837863740992,112.80525417202996,112.11408364804883,106.54990339042024,115.78587253378406,111.02955475231352,133.4240462176394,108.9371114546224,112.85654184461345,109.4337397581672,109.06665593600287,111.3247027836278,108.65843847108252,113.26047037513035,108.16816846407528,116.5043181106089,105.53522938022522,126.7635315616458,131.10539742406144,107.94027350590396,104.33405446511996,109.65889780235584,110.52208339112312,115.18803636470724,121.87857169546363,106.14011210042088,117.10463654747105,112.53544947816516,105.49336567741148,103.88816859221603,107.5923384525296,112.50501348639196,101.29447939350165,101.3656366843307,101.31473372649948,100.70694008464731,101.01777347608974,105.64673085495376,101.35767475335273,101.25074266898832,100.72440890652224,100.0,103.37082283385502,101.62336441711616,124.5659522287137,99.99999999999996,100.0,106.9844789356984,104.4809037719064,100.36119184624086,101.47996090965373,100.9161532690106,117.234195189002,105.87713021596412,99.81347061563962,100.5111735878634,100.51513167677116,100.60953355018192,100.08111031369752,101.63927201503726,102.20730454157538,101.0334180117808,101.89070683644997,101.85053314675898,104.26060002495343,101.7206431593481,102.4518553925188,140.56338087349224,119.16005458897284,100.83375708569162,101.5028153665918,102.18540480986869,100.7844676504372,108.75555595544822,137.18033311105785,90.9601784574965,115.00385958944436,115.00385958944436,136.1234823944595,99.79410750432072,100.00000000000006,100.06196936529346,100.02231063702214,100.8010955917784,101.89163276650956,106.60226756626788,102.65118530049244,122.85634447519698,101.33276731444968,101.10151328623267,99.99999999999994,105.4345936066405,109.40468415628789,104.1739177471825,98.9403232022986,100.0,100.0,103.83546793367398,102.2138000823482,101.11638560307104,102.2644553100958,102.42013283290034,100.0
2025-01-23,111.4272855309536,106.84440274163462,113.11002993641156,108.62944421576243,106.82993211467765,117.48837863740992,112.80525417202996,112.11408364804883,106.54990339042024,115.78587253378406,111.32185593386832,133.4240462176394,108.9371114546224,112.86546456370834,110.12781050011506,109.07366162693036,111.3247027836278,108.65843847108252,113.26047037513035,108.16816846407528,117.34918524576634,105.53522938022522,126.23116624859144,131.10539742406144,107.94027350590396,104.33405446511996,109.65889780235584,110.58980635194784,115.18803636470724,121.87857169546363,106.14011210042088,117.10463654747105,112.53544947816516,105.49336567741148,103.88816859221603,107.7459267326096,112.54335875342892,101.34693066937706,101.46743432588596,101.38185340612736,100.73402974184134,101.15279538687682,105.64673085495376,101.52828249481284,101.51486386120648,100.88249471699562,100.0,103.49505684686166,101.793993264308,124.5659522287137,99.99999999999996,100.0,106.9844789356984,104.4809037719064,100.34763949333126,101.30479334931778,100.9780384606125,118.33489638598154,106.5784382266106,99.68886078419575,100.56185559220884,100.68882148599,100.6365814984347,100.01953254133412,101.90581125491836,102.44771654128216,101.2534301593674,102.02855684381596,102.38508424674863,104.45781406232234,101.77431977358891,102.5933574217144,134.40906301767797,130.54379202680337,100.83375708569162,101.5028153665918,101.92622602923494,102.85608237566169,108.7563286681019,140.07656463062733,90.9601784574965,115.00385958944436,115.00385958944436,136.1234823944595,99.79694140664957,100.00000000000006,99.96404444460782,99.98667664453065,100.90221918674428,101.97745704464828,108.50070813775513,102.6206697217819,122.85634447519698,101.37325357826433,108.17311462255002,99.99999999999994,105.4345936066405,108.92811193115112,104.17761962725923,98.9403232022986,100.0,100.0,103.84797106875055,102.27771367465388,101.25881908227166,102.35082842209404,102.47147272910954,100.0
2025-01-24,112.93628148738064,106.7889518916588,114.68449557068593,110.92767274306664,108.08030457036853,118.36163635633156,113.32279344321256,111.85774849396792,106.70003447308449,115.78587253378406,112.06083222266555,134.6917906660161,108.9371114546224,116.6069712032656,112.0671396324607,109.53770134100584,111.83180786890826,112.0294736723584,113.0487120170572,108.33513418916456,115.32151501624222,106.25105223914248,123.3704315244844,130.14871468214065,108.2090039844884,104.47825543018315,110.24596895273254,111.70670651445089,115.08198842821584,124.97144458397148,107.35738375429985,117.57344713607768,112.53544947816516,109.0318900818109,104.33068180525837,109.23901757410349,112.9170299747189,101.32998498417186,101.46676166706062,101.25695584966458,100.20862666065844,101.53872605424375,105.64673085495376,101.8081902170237,101.98035423979668,100.76388271254712,100.0,103.61626339870708,101.93075690052078,124.5659522287137,99.99999999999996,100.0,106.9844789356984,104.48555691437164,100.44602957873042,101.40170875998868,101.03663725434473,118.6108651424357,112.14196428254547,99.6302535688059,100.5253371378353,100.77543363410676,100.69327462569896,99.92636509572044,102.09612989027384,102.41878248778156,101.23067229761318,102.25922275292712,102.46833625290212,104.53958736298142,101.8918031305288,102.917156714924,134.40906301767797,130.54379202680337,100.83375708569162,101.5028153665918,103.0847378930735,101.99169088849968,108.77807557323436,140.07656463062733,90.9601784574965,115.00385958944436,115.00385958944436,136.1234823944595,99.8747201351744,100.00000000000006,99.87780210730114,99.9373651535698,100.9221113345736,101.87049024334964,108.46805877163132,102.62088930897508,122.85634447519698,101.4754203573314,108.2087730486067,99.99999999999994,105.4345936066405,109.50904214515909,104.06007724317884,99.29834392873354,100.0,100.0,104.36488738778424,102.33108199467178,101.6112752450092,102.55923676503284,102.6181503107197,100.0
2025-01-25,112.95849195741872,106.75486035988162,115.1319512177908,111.0018268107112,108.32628538057092,118.36163635633156,113.5512435186217,111.94486707060967,106.69957066995876,115.78587253378406,112.5532536185764,133.81674755700465,108.9371114546224,117.7053628146864,112.88599939504807,109.99160880841788,111.87234867292092,111.909767599948,113.0487120170572,110.00606653823178,114.69342502353842,106.2766653715156,121.64519356820838,128.42543379876574,108.2090039844884,104.51245556451472,110.24596895273254,111.7671307650973,115.1595924125075,125.05185516493702,107.4907988929116,117.56120711502696,112.53544947816516,109.0318900818109,104.33068180525837,109.50313954814264,112.9170299747189,101.39039501144056,101.63017585367604,101.27048214143136,99.9318254633368,101.55346245136268,105.64673085495376,102.03128502736192,102.11934723663984,100.89005718373171,100.0,103.73468991654632,102.04354851438497,124.5659522287137,99.99999999999996,100.0,106.9844789356984,104.47475625538604,100.49706712867682,101.68033972189777,101.1184180288634,118.59231598953303,117.4508331204996,99.60695422612731,100.4787173481254,100.90382059543116,100.6647502306932,99.98843314591636,102.15046450496438,102.63918324778784,101.37169119235858,102.38438970844734,102.66279275585322,104.7830803529987,102.10821936415428,102.96991521334972,134.40906301767797,130.54379202680337,100.83375708569162,101.5028153665918,102.6295070989988,102.90235313370596,108.77937119329673,140.07656463062733,97.92708176293904,115.00385958944436,115.00385958944436,136.1234823944595,99.86029338737018,100.00000000000006,99.82863124178138,99.96441554794836,101.02660650765073,101.94022670623828,109.08077891109492,102.60014591095012,122.85634447519698,101.58270001800388,108.36004418531844,99.99999999999994,105.4345936066405,110.45375921330628,103.90864170198928,98.85770226162224,100.0,100.0,104.394392138068,102.4098899579795,101.70134699565725,102.62450856907486,102.716247738589,100.0
2025-01-26,113.03007936858754,106.75486035988162,115.1319512177908,110.97595086139798,108.34608669884344,118.36163635633156,113.5512435186217,111.94486707060967,106.66959264905836,115.78587253378406,112.57143135543312,133.69167892267856,108.9371114546224,117.89975374567908,112.942204393786,110.04074189577506,111.87234867292092,111.909767599948,113.0487120170572,110.00606653823178,115.8487648063816,106.2766653715156,122.36759598611962,130.53519472220012,108.2090039844884,104.51245556451472,110.24596895273254,111.8554836518067,115.1791838163075,125.26343279867568,107.4907988929116,117.56120711502696,112.53544947816516,109.0318900818109,104.41559799153242,109.50313954814264,112.9170299747189,101.53951771710392,101.87114658951468,101.4263605223056,99.80060924633364,101.68095301414672,105.64673085495376,102.2470851862236,102.26459983777411,101.08335352599045,100.0,103.85392560133936,102.05579240057293,124.5659522287137,99.99999999999996,100.0,106.9844789356984,104.49220157604812,100.53847589088387,101.85457757038498,101.14781777143696,119.97866611162388,120.03303857285042,99.64996852142968,100.5041103773429,100.8985762795088,100.91047898728624,99.97257205760091,103.0971063402104,102.80158230435822,101.64402438437138,102.60413072508209,102.7858841962082,104.7933293498014,102.15810389721224,103.28413541232813,134.40906301767797,130.54379202680337,100.83375708569162,101.5028153665918,103.64431844581983,102.47069067010662,108.7793888658274,140.07656463062733,97.92708176293904,115.00385958944436,115.00385958944436,136.1234823944595,99.87803375907748,100.00000000000006,99.75535252269005,100.0210001922076,101.09471636563232,102.16754073761224,109.00877913788032,102.71895778411005,122.85634447519698,101.55253178406392,116.21337920146516,99.99999999999994,105.4345936066405,110.52243783703112,104.39429762199656,99.0028162844472,100.0,100.0,104.63683019231344,102.52878386086384,101.8189284844484,102.77727378621606,102.7378610658756,100.0
2025-01-27,113.05831258139804,106.75486035988162,115.5067842956717,111.03255833306729,108.4503646515199,118.36163635633156,114.35033892122068,111.94486707060967,106.9019956043086,115.78587253378406,112.56242396038364,133.40035819539727,108.9371114546224,118.20576197869862,112.98478859701888,110.1724322174082,111.87234867292092,112.21964380735004,113.0487120170572,110.13928363637756,116.12138438152073,106.2766653715156,122.44569062057292,130.53519472220012,108.2090039844884,104.51890514553466,110.24596895273254,111.8807620824662,115.1791838163075,125.26343279867568,107.59215822633055,117.49561105243372,112.53544947816516,109.0318900818109,104.41559799153242,109.5495377372406,112.9170299747189,101.77170324121492,102.23487073045106,101.81610535725332,100.06727908360176,101.72259669627364,105.64673085495376,102.68470969127488,102.71699952777664,101.2613967896056,100.0,103.97393161168684,102.23169118148274,124.5659522287137,99.99999999999996,100.0,106.9844789356984,104.50870778690437,100.8508037524204,101.87130658454126,101.23948031486384,119.72842770680184,123.68479067733116,99.70925180484544,100.57972973749884,100.97180191566376,101.02873260572888,100.0072799012411,103.04498379171096,103.1084859619324,101.73903705856826,102.77976760635796,102.98309294773304,104.94441088059178,102.3214317422058,103.73759158306495,134.40906301767797,130.54379202680337,100.83375708569162,101.5028153665918,103.46266661847277,106.11737464244172,108.79249538019808,140.07656463062733,97.92708176293904,115.00385958944436,115.00385958944436,136.1234823944595,99.92912202042282,100.00000000000006,99.72481817213236,99.99997371648152,101.128190804525,102.27332796755366,109.65459708052111,102.88375059661456,122.85634447519698,101.8202307411403,116.92323590831616,99.99999999999994,105.4345936066405,110.38755460727856,104.39609117387302,99.0028162844472,100.0,100.0,104.71257154644404,102.7300774159229,101.87466735375156,102.85515478353092,102.83034729663169,100.0
2025-01-28,113.28348439284116,106.8143324135738,115.7709086933267,111.36063170265318,108.31195534173966,118.36163635633156,114.46531203115404,111.94486707060967,106.9019956043086,115.78587253378406,112.64931562822508,137.5827136781814,108.9371114546224,118.48222262571902,113.16458969892038,110.14146275542134,111.87234867292092,112.21964380735004,113.0487120170572,110.3206119492325,117.4736411865568,106.46873262793956,121.73790793859158,126.9733630412087,108.2090039844884,104.61577110252918,110.24596895273254,112.23956347646444,115.27679373721983,125.39717960001654,107.63694780928564,117.4995054227467,112.53544947816516,109.79268638384563,104.47161447725703,109.67336873678678,112.9914956419684,102.60012784097108,103.24138675213896,102.75647703765038,100.12848160122844,102.34611226600424,105.64673085495376,103.62990776142703,103.81393235720073,102.12054950960166,100.0,104.085035876465,102.51051611063572,124.5659522287137,99.99999999999996,100.0,106.9844789356984,104.45233077404586,100.98415363031016,102.09582262328706,101.35131875937344,122.15368501181489,129.19031445951825,99.91223052027026,100.74306936870803,100.89450102825349,101.17801572724204,100.50892444931824,103.829359121075,103.78052336994972,102.01337510350666,103.23766697603898,103.3153650586234,105.23415136356395,102.8980240393617,104.35563164319878,134.40906301767797,130.54379202680337,100.72892663273446,101.5028153665918,104.14695151920527,107.06340746437782,108.80786206372788,140.07656463062733,97.92708176293904,115.00385958944436,115.00385958944436,136.1234823944595,99.82083035328478,100.00000000000006,99.81933858684386,100.1933703963485,101.54257714282218,102.81890685005293,110.17442736886848,103.16374246670613,122.85634447519698,102.09402712679253,117.49823213354436,99.99999999999994,105.4345936066405,111.16374695456996,104.5781462802177,99.0028162844472,100.0,100.0,105.10107157719808,103.10413653608538,102.01953917238129,103.53532267119915,103.62971007202782,100.0
2025-01-29,113.60325550093896,106.8143324135738,115.7709086933267,111.38982284126016,108.33194298762936,118.36163635633156,115.34607219602437,111.72677874554417,107.00387863410307,115.78587253378406,112.59847536452445,138.3465653585189,108.9371114546224,118.44876093151598,113.34988798941772,110.36363266314152,111.87234867292092,112.21964380735004,113.0487120170572,110.3206119492325,119.34977653759564,106.46873262793956,122.1617031229928,126.8078715286102,108.2090039844884,104.66783892140884,110.24596895273254,112.31203320227957,115.27843890423614,125.39717960001654,107.63694780928564,117.5824709305005,112.53544947816516,109.79268638384563,104.47161447725703,110.58525892285644,114.16735212339717,102.60604741240265,103.23302928331287,102.8152800782022,100.16838729530993,102.3851212631745,105.64673085495376,103.54117861063818,103.68113368486044,101.8079129781049,112.1497337569052,104.085035876465,102.54643507575858,124.5659522287137,99.99999999999996,100.0,106.9844789356984,104.45233077404586,100.80054426776292,101.86909168666878,100.91411220702328,122.44087912811568,135.70888914348865,99.74626028311246,100.6319618875924,100.96984556913633,101.10554907102647,100.50682138890652,103.91619912214078,103.73385539811736,102.0877894353154,103.34486290654432,103.47549032193724,105.23943447293595,103.1383339047211,104.75441769034788,134.40906301767797,106.97639063174836,100.72892663273446,101.5028153665918,104.60205949552888,105.05679670063029,107.8323875681038,122.76062203948602,97.92708176293904,115.00385958944436,115.00385958944436,136.1234823944595,99.68806314048612,100.00000000000006,99.76369165394176,100.15452029522548,101.45138340569682,103.11706994615729,111.2400565071417,103.12376585497,122.85634447519698,102.18301626781376,117.86752578192602,99.99999999999994,105.4345936066405,110.49873554980994,104.67528681848738,99.3609906745994,100.0,100.0,105.27414731327136,103.25864794607384,102.05976141100854,104.35161885777208,104.6949157814814,100.0
2025-01-30,113.63307099316944,106.80902724652636,115.7709086933267,111.51000779898362,108.35193487227178,118.36163635633156,115.51508227868696,112.540803736946,107.2930120809557,115.78587253378406,112.6778157527287,135.5372912467504,108.9371114546224,118.48108612943102,113.52343998285528,110.54664037241444,111.87234867292092,112.4091976126393,113.49241315757833,110.38279489206502,119.34977653759564,106.90348109129825,121.6986778034883,126.8078715286102,108.2090039844884,104.81756531425556,110.24596895273254,112.58341548059865,116.11549602477056,125.39717960001654,107.7113180192998,117.67084260621802,112.53544947816516,109.79268638384563,104.73919988765212,110.52359388281566,114.34879044884435,102.7014579430793,103.3235681899293,102.90492624978982,100.20443664620127,102.45931056930245,109.0199871090923,103.74208138271352,103.78869693201564,101.9213985793343,112.1497337569052,104.0340476837632,102.55733263440813,124.5659522287137,99.99999999999996,100.0,106.9844789356984,104.4424286156639,100.87162694568738,101.93674157724196,100.84593651462455,122.57879444585107,136.32454750627687,99.77115192045964,100.55134907513336,101.07062848512808,101.13018508689224,100.4525763012809,104.01963024027516,103.77940797953728,102.1862414630356,103.50576327941468,103.63562972110184,105.3572233993815,103.20796197240183,104.9431404399332,95.53491652304028,106.97639063174836,100.84791648034658,101.5028153665918,104.55049939033285,107.26732221778772,107.93464951225008,122.76062203948602,97.92708176293904,115.00385958944436,115.00385958944436,136.1234823944595,99.65183199188844,100.00000000000006,99.77731808284264,100.19089072023549,101.64351211195672,103.39031312249182,111.7425238895998,103.0707101248456,122.85634447519698,102.30805483174576,118.12144160449684,99.99999999999994,105.4345936066405,112.66142458411808,104.45230275517096,98.59825717736533,100.0,100.0,105.41826324256267,103.4170096386353,102.56080659285848,104.25518899216638,104.89784489696322,100.0
2025-01-31,113.63307099316944,106.80902724652636,115.7709086933267,112.36961637501858,108.35193487227178,118.42284639960938,115.26359399101358,112.540803736946,107.18894664885792,115.78587253378406,112.917687248297,135.5372912467504,108.9371114546224,118.52180667263552,113.66870331613706,111.06303889066828,111.87234867292092,112.9067257460736,113.49241315757833,110.38279489206502,118.0686747593006,106.962688798303,119.60744161037586,126.8078715286102,108.2090039844884,104.85014467952314,110.24596895273254,113.06200482855527,116.22026048650947,125.39717960001654,107.68909723014148,117.67619498973632,112.53544947816516,109.79268638384563,104.77801158795111,110.60979422299062,114.40516975134128,102.89803852938432,103.4061333690452,103.0879884447649,100.46404519825896,102.64625212682608,109.0199871090923,104.04196772765872,103.95752996752856,102.40520548153202,112.1497337569052,104.03377997588824,102.64465662897751,124.5659522287137,99.99999999999996,100.0,106.9844789356984,104.14169580068425,100.85730221300938,102.14259891384908,100.73773755173558,122.84809407463892,136.42850594968843,99.8304025884396,100.60636416527484,101.10508725536717,101.18694800248178,100.5612173658527,104.26477748082463,103.93079895085788,102.43827134272594,103.53795787397924,103.87098039017287,105.51536248739828,103.44651569346269,105.19682961540992,95.53491652304028,106.97639063174836,100.84791648034658,101.5028153665918,104.51008767213077,106.72747667534436,107.1437956557227,122.76062203948602,97.92708176293904,115.00385958944436,115.00385958944436,136.1234823944595,99.68907117274094,100.00000000000006,99.750902573156,100.2082516413905,101.61942452220092,103.39056945062836,113.89952106295355,103.14833937615673,122.85634447519698,102.3395314236872,118.35630853463832,99.99999999999994,105.4345936066405,111.70252237310444,104.68040242219136,99.06539323721115,100.0,100.0,105.55473802629773,103.54399151664396,102.69735242768142,104.44933181785804,105.75059627414316,100.0
2025-02-01,113.72380854448672,106.85076218115282,116.2395828114916,114.3970673365251,108.36447009107476,118.4245168405494,115.28410839892022,112.61053631497762,107.57739266920936,115.78587253378406,113.93196466264372,135.57371313684666,109.01734398530093,118.86872621305784,114.23062739836344,112.06501518694807,111.87234867292092,113.28000024901706,113.49241315757833,110.57206261360454,117.68974843971634,107.11689203244012,121.44471240535506,126.8078715286102,108.2090039844884,105.28502514606552,110.5547202130626,113.27161947466428,116.38757544553368,125.40602369509344,107.88341841032114,117.83360060589726,112.88675234172705,110.45739083901483,104.94509458255392,110.8292081019646,114.56307506319884,103.41679731054978,103.81516692264148,103.48075387546167,101.11355227339382,102.94024388917356,109.0199871090923,104.6090280136259,104.19824435489446,102.70074465803228,112.1497337569052,103.99069840911066,102.9416594751604,124.5659522287137,99.99999999999996,100.0,106.9844789356984,105.82398030093634,101.07800934472196,102.38128001606742,100.8150772736224,122.9437776986974,137.08196270008582,100.20107090180738,101.20050641226754,101.39940023126532,101.56775628570873,100.5973601049644,104.68303621031146,104.323801772437,102.70246840397282,103.85843034727095,104.16753266677804,105.67489237349596,103.89936082017248,105.91526807874324,95.53491652304028,106.97639063174836,100.84791648034658,101.5028153665918,105.5091094006838,111.64064315192444,107.14415826316576,122.76062203948602,97.92708176293904,115.00385958944436,115.00385958944436,136.1234823944595,99.9000586825022,100.00000000000006,99.98706790323445,100.30751966533198,101.6766400322175,103.51482128975243,114.42774857932146,103.2905179176923,122.85634447519698,102.7734531473696,118.64447917499528,99.99999999999994,105.4345936066405,112.42829355558534,104.54126454421348,98.62238373397638,100.0,99.99999999999996,105.71959204704892,104.32612941019524,102.96976503901097,104.77813610656467,106.22669443352164,100.0
