,Mevsimlik Ürünler Hariç TÜFE,TÜFE B,TÜFE C,TÜFE D,TÜFE F,Mallar,Enerji,Gıda ve alkolsüz içecekler,Taze meyve ve sebze,İşlenmemiş gıda,Diğer işlenmemiş gıda,İşlenmiş Gıda,Ekmek ve tahıllar,Diğer işlenmiş gıda,Enerji ve gıda dışı mallar,Temel mallar,Giyim ve ayakkabı,Dayanıklı Mallar (altın hariç),Diğer Temel Mallar,"Alkollü içecekler, tütün ve altın",Hizmet,Kira,Lokanta ve oteller,Ulaştırma hizmetleri,Haberleşme hizmetleri,Diğer hizmetler
2025-01-01,100.18918177891304,100.19073085274724,100.19437138876997,100.16424400971889,100.26136163124184,100.1280066019642,100.00000000000004,100.31988102129922,100.81499104549049,100.53639461317972,100.2524337881765,100.1791628956577,99.9993968693394,100.2192753302434,99.99999999999996,100.0,100.00000000000004,99.99999999999996,100.00000000000004,100.0,100.43850634642575,100.0,100.00000000000004,108.06134499539034,100.0,100.0
2025-01-02,100.26546780352795,100.24836552506208,100.19437138876997,100.21387494012934,100.35413087717345,100.2266118102233,100.00000000000004,100.56628967709774,100.9018782353023,100.79147712351713,100.67895023103767,100.4199341753349,100.28472209043444,100.45010498136452,99.99999999999996,100.0,100.00000000000004,99.99999999999996,100.00000000000004,100.0,100.43850634642575,100.0,100.00000000000004,108.06134499539034,100.0,100.0
2025-01-03,100.2716358674532,100.2400177358054,100.19437138876997,100.20668641053356,100.42705944055956,100.30420764396914,100.00000000000004,100.76019713316882,101.6067704876397,101.33739417725933,101.06283100824282,100.38506093287388,100.27693504077646,100.40918780969596,99.99999999999996,100.0,100.00000000000004,99.99999999999996,100.00000000000004,100.0,100.43850634642575,100.0,100.00000000000004,108.06134499539034,100.0,100.0
2025-01-04,100.30174056235292,100.27161004316822,100.19437138876997,100.2338914859726,100.43158009217552,100.30847818013652,100.00000000000004,100.77086895360426,101.24259969127851,101.16141996545818,101.07867711865909,100.5170391322144,100.28103189721044,100.5697010559924,99.99999999999996,100.0,100.00000000000004,99.99999999999996,100.00000000000004,100.0,100.43850634642575,100.0,100.00000000000004,108.06134499539034,100.0,100.0
2025-01-05,100.3008608768224,100.27381386864492,100.19437138876997,100.23578926563329,100.42154824668664,100.2978152475696,100.00000000000004,100.74422290795336,101.02726991108928,101.07960988574472,101.13295767006672,100.52624570629372,100.28103189721044,100.5809619565097,99.99999999999996,100.0,100.00000000000004,99.99999999999996,100.00000000000004,100.0,100.43850634642575,100.0,100.00000000000004,108.06134499539034,100.0,100.0
2025-01-06,101.27900120613488,100.50953631821288,100.50314791424204,101.18274080034664,100.77860841767996,101.24997297591432,105.35725882003788,100.89052372196949,101.77123234830458,101.44549025358842,101.1134759733384,100.5298357418526,100.28103189721044,100.58535306148902,100.0418382889796,100.04255679584688,100.00000000000004,100.08220901830953,100.00000000000004,100.0,101.08166100661448,100.78164004329156,100.00000000000004,108.06134499539034,100.0,102.62841228755283
2025-01-07,101.397641382924,100.5980185724842,100.5965602243058,101.29029558628368,100.9428508397485,101.36826376515056,105.58308172395763,101.0818393332152,102.46259429858546,101.81913208985377,101.16327997382228,100.60265253546194,100.51091407921214,100.62312277058189,100.05291358653945,100.05379904958656,100.0044837195284,100.0853124278109,100.03854318579592,100.00135352423004,101.27828080697908,100.96908228132924,100.1817214325358,108.08657424331189,100.0,103.09031463892173
2025-01-08,101.30633439241636,100.49318632522422,100.4535629206596,101.2000220073803,100.99440625707474,101.53387078279434,105.58308595069914,101.4941695825439,104.19222575649208,102.84059405018098,101.46293658615264,100.61909136801594,100.5159614594069,100.6421034565492,100.05429837797146,100.0552070155984,100.00546273833932,100.08585522572162,100.04250637260664,100.00138887167893,100.95390714636838,101.16077380166467,100.20441420022894,108.08657424331189,100.0,100.46068867968548
2025-01-09,101.58138603698391,100.71032656714142,100.68805919236786,101.46899467307595,101.3760947886645,101.74577631273874,106.17346970739273,101.71921768028312,104.70501800968646,103.1626643225312,101.59061251332923,100.78108209167377,100.3692746896847,100.87297152046358,100.11245598702602,100.11429311543232,100.00920322204745,100.1587210976828,100.13540205795536,100.0054809354853,101.4087226489775,101.14692790448215,100.6178732875564,106.07020210216054,100.0,103.25309761404252
2025-01-10,101.67091194506696,100.83038126681843,100.825284516604,101.575767445977,101.46341495895736,101.73843511943085,106.1978817056197,101.68341537705228,104.33078959330076,102.9710036718133,101.5850349826572,100.84657640605242,100.3692746896847,100.95308003339272,100.11932294134547,100.12126117606014,100.01394929746388,100.16631735682222,100.1435505946642,100.00646052095844,101.70955410751463,101.31838302667649,101.26539868968196,106.07020210216054,100.0,103.32040972725784
2025-01-11,101.76437003296964,100.93170391019945,100.92781836007396,101.6659146666345,101.52249929692742,101.78777317485026,106.21873051134574,101.71929814417292,104.21071261723344,102.91212011197086,101.588523122308,100.94405040995576,100.3692746896847,101.07230408476308,100.19166423264338,100.19478682948105,100.0118618678364,100.31652794014984,100.12675850262848,100.00983700896698,101.84852290828012,101.48015271537017,101.35686109996276,106.6946606730426,99.99999999999996,103.45411875349195
2025-01-12,101.81649613782383,100.97793603257634,100.98050548261875,101.710010505835,101.57427100709354,101.8112372946047,106.24957933147272,101.74279282691909,104.17302061208512,102.93218917578672,101.66746544828338,100.96977149646176,100.368338900523,101.10397330398015,100.21233559117005,100.21585606617197,100.01010731151818,100.33568059819255,100.17969929030411,100.0073401246128,101.94092282638064,101.6410820360904,101.3565107160411,106.6946606730426,100.0,103.72893281060357
2025-01-13,101.88606782380629,101.0466941899556,101.02661496323616,101.77330483540008,101.58958461556816,101.80334891911474,106.2789926512228,101.70436624799876,103.45540231356404,102.61811357586431,101.76470278825636,101.11049678155814,100.368338900523,101.27609959352984,100.21848257186866,100.22189273588286,100.00881464883864,100.34159306566538,100.19481172142169,100.01991045794456,102.03736468387562,101.80158445022956,101.35703574199708,107.16715155520588,100.0,103.8579041447702
2025-01-14,102.00509696086174,101.17544926278144,101.18066639764838,101.88979707158042,101.61302432832468,101.8760292983457,106.31944345585016,101.63553840576913,102.74149931142114,102.36895382467102,101.9892349499843,101.15887159622557,100.368338900523,101.33526861458142,100.43297891216176,100.44004929507182,100.03166525270022,100.7060174860155,100.301909467203,100.02127411589969,102.11089859962463,101.95643253591795,101.35703574199708,107.16715155520588,100.0,104.01885834947564
2025-01-15,102.19065918510168,101.38316413644824,101.3895230884742,102.0715363988112,101.74915074864673,101.89862872233414,106.34010930608208,101.63988894244,102.15906484473356,102.0659836501474,101.9711101710158,101.36295829760792,100.368338900523,101.58489459069035,100.47303474050322,100.48073690989212,100.05119491836442,100.7605362351512,100.33531845841192,100.02454133931674,102.53097953754478,102.10689430676824,101.4259493570632,111.44052454740364,100.0,104.78323379991504
2025-01-16,102.32776732786104,101.48369962224363,101.4703263794292,102.21977599109526,101.84540109887838,102.0157707339227,106.78416043473462,101.6350392754245,101.68389659782406,101.80251275215036,101.92341286835727,101.5261936665422,100.91422335418372,101.66274682747932,100.57964093751738,100.58883357726124,100.21232262523262,100.80783794517018,100.52330326614108,100.04435820658423,102.57750171677174,102.24742056261049,101.45665391057956,111.44052454740364,100.0,104.71962820784483
2025-01-17,102.44118433437832,101.60209450401553,101.54068356381084,102.31974012595572,101.89700365007826,102.03797833744184,106.76983613697178,101.6875888719967,101.1220107354992,101.51889082576152,101.92341286835727,101.79723036221176,101.38813134368328,101.88851545070084,100.58770489009174,100.59587100844814,100.11261801622004,100.818841635312,100.6488918207256,100.11219597679316,102.72738997495406,102.38794681845268,101.72232429477238,111.44052454740364,100.00000000000004,104.7743504798582
2025-01-18,102.5789233799748,101.72946633639047,101.66249823567829,102.4475914066188,101.9900051793211,102.11700648813154,106.90066046010752,101.77040935258006,101.11637807290036,101.50599375411178,101.90311151098088,101.9422603069874,101.38813134368328,102.06590692836416,100.6438640059804,100.65171476519112,100.05829174882597,100.8640915743241,100.86174642348762,100.18671829513772,102.93206564129368,102.52847307429496,101.64625751680136,113.68893869118644,100.00000000000004,105.209958285929
2025-01-19,102.61141250350784,101.7736557492423,101.7146558019083,102.4828580661741,102.02577598938493,102.1412307183285,106.88059743097224,101.78184638197877,101.11637807290036,101.50599375411178,101.90311151098088,101.9611305756849,101.38813134368328,102.08898785039948,100.6963934729884,100.70461422462428,100.09964810191188,100.8853513390534,101.00312633963846,100.2177032916494,102.98329137250988,102.66899933013715,101.54582569607368,113.68893869118644,100.00000000000004,105.49691072646738
2025-01-20,102.80521016568557,101.95748621768053,101.92109503824844,102.6806547566772,102.24426039447695,102.26527620070851,107.16499818788336,101.86582932581584,101.09305736272646,101.54688387400932,102.00944884472096,102.07312072849544,101.38813134368328,102.22596713920449,100.79713752910384,100.80455672001972,100.22202188367028,100.93767216183132,101.18854453297864,100.36512182029712,103.323492977404,102.80952558597942,102.21399050685754,113.68893869118644,100.00000000000004,105.84278542960524
2025-01-21,102.88242222948011,102.06569455396117,102.05251884785906,102.77401758684051,102.28971799018124,102.26501164428268,107.16630454123649,101.7601038267942,100.51430697916098,101.22549478276906,101.95037655447636,102.10756091700658,101.38813134368328,102.26809220475864,100.89298252645249,100.89625709499212,100.43712525882307,100.9002835018643,101.43693446246743,100.7023060679644,103.50481033922276,102.95005184182163,102.24590547611896,113.68893869118644,100.00000000000004,106.67626061941708
2025-01-22,103.01267899760208,102.20371376574111,102.21970396324078,102.89325305496358,102.4321783209385,102.29147106560777,107.16906265596388,101.81229808131664,100.58643278107212,101.28823011270036,102.00354059827006,102.15290423731788,101.38943795569358,102.32326173982966,100.90471901407132,100.90432268858162,100.3784506129281,100.899444930163,101.54598261588842,100.92779684550868,103.8718532524048,103.09057809766388,103.0218303183044,113.68893869118644,100.00000000000004,106.9390941810162
2025-01-23,103.06194462400644,102.2548955494632,102.2747142486915,102.93733728382216,102.48968560913208,102.3173359182788,107.1691351893278,101.85667846597616,100.69070516289332,101.34086346011884,102.00354059827006,102.1919207949754,101.38943795569358,102.3709843313738,100.92326319611776,100.92095144420249,100.34861978148858,100.90481165281174,101.64485463630731,101.05787533288728,103.97507162660284,103.23110435350613,103.02466946039668,114.0218210652607,100.00000000000004,107.20096217864808
2025-01-24,103.33208145976364,102.53039624164413,102.33028785239776,103.17560937453742,102.6048763653942,102.47486746707229,107.17655399283107,102.17732473467623,99.09512553695382,100.65573277995168,102.24638961841876,103.1662491065848,102.49564759624457,103.3158850515268,100.98743431854518,100.9804352636127,100.26000832379196,100.9417625887752,101.93496322835956,101.3949857229977,104.02573390899089,103.37163060934836,102.98807519080246,114.0218210652607,100.00000000000004,107.32878817864534
2025-01-25,103.45472182578276,102.6599326738851,102.39877354834678,103.28708946669752,102.6271380372064,102.5105226994849,107.17606733634656,102.1933458610348,98.1892022130086,100.1986140148516,102.24671717356688,103.48977683386413,102.80679116921245,103.64217614065971,101.05462322746916,101.04792078129066,100.25631348638548,100.9429268108309,102.24421764655204,101.44490325522506,104.09547585196997,103.5121568651906,102.79576900929564,115.19215500639253,100.00000000000004,107.53790325056542
2025-01-26,103.5463022159964,102.77330944360146,102.54199468593868,103.3849012142426,102.79055906186474,102.61935083694704,107.17736091258584,102.34903314315125,98.87058661710404,100.56531293183514,102.29267131361397,103.5083218632048,102.80679116921245,103.664859250435,101.1607455449664,101.15397264310508,100.35241960979684,101.00573334584462,102.4642173168423,101.55512817125434,104.28538245919523,103.65268312103288,103.18759061782823,115.19215500639253,100.00000000000004,107.55280793631198
2025-01-27,103.63587868553246,102.86716486675628,102.63497857522512,103.46645664149024,102.9180384626672,102.75260539780376,107.1826444849674,102.53517678088724,99.16972230023256,100.88919329622482,102.64177281973568,103.60494662206406,103.0731774984967,103.72360393802444,101.2934165482366,101.28828586113012,100.55319331000618,101.0365717162538,102.76302199061624,101.59217384564684,104.32645575615956,103.79320937687508,103.18897153309936,115.19215500639253,100.00000000000004,107.5241864366729
2025-01-28,103.7716804925198,103.0973021512732,102.898399729613,103.66472417438384,103.14733619337584,102.96190412149448,107.18328877564264,102.6525524948287,99.19708273396904,100.99579755055088,102.8291467396472,103.72932300323546,103.27201236621153,103.83136588302014,101.66511751884158,101.66444321131382,101.28590688131402,101.1310109598774,103.37658356070642,101.70438210279347,104.44827764246033,103.93373563271732,103.32911907899044,115.19215500639253,100.00000000000004,107.69700024355
2025-01-29,103.78313695326976,103.06811538735344,102.84186801290632,103.63987567554204,103.21393041781673,103.082842611577,107.18534171050028,102.93701482201718,100.08943394890228,101.6291593579266,103.1985322813287,103.7870259826026,103.27201236621153,103.90194452656408,101.68062939823416,101.67979617303313,101.14033382021582,101.0674719614794,103.770905820921,101.7291476773708,104.301457107864,104.07426188855956,103.46239374286893,113.20192320340142,100.00000000000004,106.81567511070878
2025-01-30,103.84434448567076,103.11346499291125,102.86215563023023,103.67893260658153,103.26332839578735,103.13198460343496,107.18537798159838,103.02367310000378,100.04195205856696,101.6568466618862,103.30283616738076,103.91201111508484,103.27094575411132,104.05505645509632,101.71375707084368,101.70550999914477,101.14578118308998,101.07916892134024,103.85397528282994,102.19397985605232,104.31492928151062,104.2147881444018,103.16542998228508,113.20192320340142,100.00000000000004,107.32885582374048
2025-01-31,103.87590394344916,103.21261619040212,102.94341982500796,103.72523908719424,103.18442852234617,103.01205459340962,106.9039961762474,102.77011553076554,98.41208465501634,100.7731487948974,103.17967538062992,104.0679990197382,103.27094575411132,104.24585101788038,101.7767963573312,101.76741529789132,101.23286193483352,101.1067708691772,103.96664567954936,102.32305067121108,104.4205086972307,104.35531440024404,103.41774404342353,113.20192320340142,100.00000000000004,107.12023409998808
2025-02-01,104.3506919005532,103.4474208074824,103.1087491088972,104.20868420716602,103.47276863219226,103.63244756136471,108.92925256945256,103.2031283358124,99.1053715345447,101.1714613884509,103.27733393886284,104.52356444459204,103.61213573906974,104.72693782430429,102.04303617131971,102.0337946556625,101.5640906155441,101.26959106947749,104.39964605719918,102.58116492179995,104.4589167523096,104.34465580628402,103.2378759860638,114.73367684322064,100.00000000000004,107.28081684378049
2025-02-02,104.41730496996138,103.53965567102352,103.22456580571736,104.28744365102902,103.56308213820532,103.69555794986678,108.92445139575898,103.2228999567904,99.13670461567072,101.19503194029032,103.29299249340195,104.54086703614044,103.64256534031468,104.74131129554812,102.17130932421638,102.16204023584469,101.72862781253627,101.30068674132652,104.71361180144936,102.71104361982164,104.55912248430356,104.33399721232396,103.49203813241536,114.73367684322064,100.00000000000004,107.35404106835338
2025-02-03,104.465127565957,103.626519898805,103.33018473002276,104.36129927325824,103.6747853038134,103.80741511630484,108.91764109889483,103.3147604203648,99.44699489479122,101.38627284576285,103.3628917216792,104.56813742300018,103.64222913016155,104.77474173299974,102.34592915912526,102.33573046351124,102.05988905915376,101.34636872436874,105.00049816185675,102.93979401104929,104.57924227795608,104.425945070505,103.49125383520098,114.73367684322064,100.00000000000004,107.2943189904896
2025-02-04,104.74173135256748,103.85957298508352,103.57213521471208,104.65570061981606,103.848826588406,104.11703163968048,109.59246091385116,103.41034439117892,98.96966046373618,101.31384228397992,103.70316147989624,104.77291864975676,104.08596874350484,104.9262025251504,102.71506576844048,102.6965361629691,102.43663084977464,101.56251223352253,105.68351300635923,103.79403525884176,104.67190786527271,104.75908417915224,103.42172352449164,114.73367684322064,100.00000000000004,107.37223848642928
2025-02-05,104.95125303420764,104.0629333749887,103.781904601716,104.85154708614635,104.165228507444,104.31842370858234,109.74171379651722,103.77521631808204,100.22932038542302,101.95855528774584,103.72108672224816,104.95591418048716,104.10186158838638,105.14648483187784,102.78608255999345,102.7576015687351,102.43773083585432,101.60586278925516,105.85822999773984,104.44451617702686,105.0684528903606,105.12726970177822,104.05443808611292,114.73367684322064,100.00000000000004,107.69537925600578
2025-02-06,105.2303552764299,104.28278230166872,103.87796790879516,105.09614291859862,104.42737756548634,104.6460051838628,110.13976434714132,104.27107792566323,100.41743181012578,102.27390234965364,104.16611935195328,105.56909714557553,105.59607891265398,105.56307651760088,102.93298438847772,102.90104529862172,102.51470956227296,101.73636837497008,106.11184394582212,104.79278132581916,105.10500529108148,105.2228299859152,103.878417118889,115.8356967607168,100.00000000000004,107.76390277190984
2025-02-07,105.37140157597226,104.46227973780746,104.07142721531048,105.25200112703423,104.53656745758543,104.65943083904592,110.14903651131095,104.17486904147135,99.6286386527742,101.82174313785188,104.05707599454188,105.70423014845736,105.61137258381216,105.7249500979601,103.04848953268085,103.01560207551763,102.6501186200555,101.75188793241291,106.4350746025035,104.96350941536218,105.3975679988198,105.21717587661796,104.56717779266069,115.8356967607168,100.00000000000004,108.0531253699809
2025-02-08,105.5187482132605,104.64740061539156,104.2821971462004,105.41089245139722,104.70076171253466,104.75460228482832,110.14527927126905,104.1950372987359,99.46896664143216,101.71350987904005,104.00127194483538,105.80785007503688,105.53633637082852,105.8684348024308,103.24946943029636,103.2174324599403,102.84639507331256,101.7846511075848,107.0424450006607,105.11496589930954,105.61956620673178,105.34053900620276,105.0742188220871,115.8356967607168,100.00000000000004,108.03847100427387
2025-02-09,105.53942894870606,104.68196252688632,104.32965092447591,105.4400847220219,104.7336371140988,104.80123479979196,110.14117458210426,104.1896942568922,99.46888372592764,101.70979701649397,103.99385924037786,105.80144753492706,105.54026147262346,105.85972778427912,103.36275396516248,103.32998432727592,102.9468724145412,101.84075768192749,107.3026386295106,105.2709132913676,105.58525528024936,105.34347222026372,104.89736181481938,115.8356967607168,100.00000000000004,108.23355031566784
2025-02-10,105.62606299793822,104.85050399298537,104.52515807058369,105.58683659847809,104.93250259463902,104.97935838285277,110.15280995678474,104.33515050549592,99.95838560392384,101.9515707401662,103.9831347877638,105.8843044130226,105.56868613864232,105.95473049766396,103.63316146270606,103.5946304274914,103.63230003173874,101.91911951553446,107.50256828870825,105.87680402133594,105.69392230168518,105.4851241343355,105.06046811329352,115.8356967607168,100.00000000000004,108.26025428700964
2025-02-11,105.81383849807293,105.11811122235792,104.84377069305197,105.81840856438204,105.29863767538986,105.32309452635124,110.16092848367272,104.63977141469051,101.08878755873376,102.56251118349374,104.0646114539191,105.98983984995564,105.61825930627673,106.072753182118,104.13841353191184,104.05882492688082,104.35016519172645,102.04626095569292,108.45800783759849,108.77281747239232,105.8296807212664,105.89359707138,105.04218351723657,115.8356967607168,100.00000000000004,108.34062465113551
2025-02-12,105.9771838975867,105.35165356688567,105.11787126496048,106.01560798132849,105.58789854359974,105.49953162433692,110.13276664693892,104.89656173479446,102.085627910979,103.05336371851344,104.03973334289574,106.09450671268031,105.67641397645924,106.1877986314922,104.31777358396234,104.2406366301515,104.6525089247122,102.08016004838184,108.8443603356737,108.80941912239292,106.21969824566251,106.05985671869436,105.6519063021372,116.6672795432466,100.00000000000004,108.80447342685456
2025-02-13,106.1560194053462,105.53646121256732,105.3438037940819,106.18774492572626,105.82089858636168,105.65910729453508,110.22633300508068,105.03585499076158,102.58592074016964,103.3236895478616,104.07566414264085,106.1486383029801,105.67961692335322,106.25329428161464,104.52065935100823,104.44168131289624,104.68094787684376,102.3290674747432,109.13931436175712,109.11951029072384,106.47689048517525,106.13884313629686,106.24036181777716,116.6672795432466,100.00000000000004,108.92124844504924
2025-02-14,106.1510775706654,105.53054717035737,105.31429455772506,106.18337649789004,105.82372262089856,105.65696802399664,110.23154887922978,105.02681786996914,102.3068068107748,103.19448854437212,104.09926264833985,106.21769898748514,105.70940661469903,106.33111777395644,104.52209108236788,104.44312875490829,104.68107555233767,102.33016307532772,109.14317338676864,109.12002719879092,106.40849894514926,106.13664753584354,106.30786958716658,116.6672795432466,100.00000000000004,108.3049814070698
2025-02-15,106.28198329414175,105.65726712220798,105.45619907971916,106.29471288640444,105.93112892927638,105.83693446346548,110.24749231648129,105.17791175553675,102.56709161509168,103.4573234368632,104.3646967311212,106.2961693258889,105.73251554316052,106.42194128598466,104.78993904062573,104.71557658094456,104.68107555233767,102.34811095964652,110.34254348128796,109.12002719879092,106.3864380594448,106.24943490444235,106.62650702879328,116.4959915613272,96.73102836366384,109.65158002418096
2025-02-16,106.29912685752436,105.66342953883618,105.45619907971916,106.30001952663592,105.94973120533014,105.85687550429904,110.24749231648129,105.22774325180124,102.54560382477248,103.5442171321529,104.56205880467868,106.321913081824,105.73669413635356,106.45249702557167,104.78993904062573,104.71557658094456,104.68107555233767,102.34811095964652,110.34254348128796,109.12002719879092,106.3864380594448,106.24943490444235,106.62650702879328,116.4959915613272,96.73102836366384,109.65158002418096
2025-02-17,106.32605806029336,105.66659953782018,105.44661391967108,106.30952183290792,105.9646891655026,105.91468932302332,110.29626104414766,105.33851463364354,102.73769689239504,103.75818668848294,104.79832608295024,106.3656131377628,105.74655914699548,106.50374692877013,104.80258216349424,104.72429365701196,104.68510071404695,102.36222845095315,110.34414152837483,109.3612820275533,106.35386486773572,106.48153753747084,106.0897727469197,116.4959915613272,96.73102836366384,110.2456774711641
2025-02-18,106.51606352922263,106.00440739305026,105.85716107676733,106.6114393581269,106.3555603424084,106.36937175314333,110.37562385777444,105.73381534184564,103.88843549875676,104.59757551953994,105.3203700782289,106.47228878679404,105.7818213135022,106.62635756120712,105.45222689000543,105.36757527394757,106.29667649014638,102.37051795437335,111.3252714564846,110.3814473842446,106.47209216305872,106.83045203174925,105.47621347777924,119.05751880001624,96.73102836366384,110.85432320325874
2025-02-19,106.58553044360032,106.08748463283612,105.90319050767818,106.680282271655,106.50130195271788,106.53166371257014,110.3562001999432,106.03089454840868,104.6413872687624,105.04279585916407,105.45193359846822,106.67308700520424,105.87944433186377,106.85017797434224,105.5589637421868,105.47366354677057,106.41512840059708,102.3103732229398,111.8087423328666,110.525950682169,106.44268630012364,106.7953109891735,105.44565453088332,119.03954812574756,96.6992094476013,110.83760058819848
2025-02-20,106.67244971730209,106.38067360725464,106.28864858498288,106.9363526782628,106.7621939654582,106.8151774510814,110.38209963427862,106.03089454840868,104.6413872687624,105.04279585916407,105.45193359846822,106.67308700520424,105.87944433186377,106.85017797434224,106.19888020819708,106.10649891911322,108.27581371192832,102.59796459041054,111.78479033293291,111.5781956264027,106.51743277614138,106.91145112288125,104.6682179818116,119.03954812574756,96.6992094476013,112.98123221682056
2025-02-21,106.75385360092186,106.58948043095188,106.50691539596656,107.11478804843364,106.94947262193344,107.06507284624624,110.37220265759952,106.22620306871532,105.00760571210996,105.26358600235588,105.524495209986,106.85183431944724,106.0575005716225,107.0290794928062,106.59608954921558,106.51206758336652,109.37444897165766,102.69434246363512,112.08934038344265,111.4886458324413,106.50044412948704,107.02759125658898,104.25880275756413,119.0395481257476,96.6992094476013,113.61667906595449
2025-02-22,106.85792597005457,106.70636876294394,106.7266665933242,107.20942944176169,107.04692025027909,107.02765871649544,110.32889154347974,106.12567763383116,105.24073997114816,105.3314444946118,105.42389553966152,106.641871548969,105.8822030973403,106.811381615453,106.6187502566943,106.5245802378536,109.28729985234337,102.78384747588562,112.03962747907195,112.1022224977302,106.9804917275059,107.37676947360498,104.28906403895472,119.0395481257476,96.6992094476013,116.00409414852383
2025-02-23,106.95225405663862,106.77678140237464,106.80437947163765,107.33368420112214,107.16966404311104,107.1993850773833,110.78701945108826,106.2008717594684,105.3011630043419,105.4496869697574,105.60107077393008,106.68908737078632,105.92238579678695,106.86016678642264,106.7717624269884,106.6770338333353,109.7447858568382,102.8109726322866,112.12225191326688,112.28776019489712,106.96432853724514,107.376769473605,103.97210196010047,119.0395481257476,96.6992094476013,116.66757737576188
2025-02-24,107.01729262422936,106.8497915070738,106.88992110408914,107.39733715418846,107.22236886525856,107.28742371474172,110.79264902620504,106.262705238929,105.13573397231605,105.5555912667846,105.98353294117008,106.72227801637396,105.94183976143395,106.89642259246888,106.91468161323532,106.82247493569682,109.98862108158448,102.90033515626185,112.28209516540387,112.2838294900782,106.9746350507698,107.49316221261036,103.61981302476096,119.0395481257476,96.6992094476013,117.34570466415788
2025-02-25,107.21468270087864,107.28948162312294,107.41063441110884,107.7802090469261,107.72464022089866,107.82820754685966,110.8231930551875,106.68734273965468,106.3580563047592,106.35319655091688,106.34824322219352,106.90451351845462,106.0994626494914,107.08415007704596,107.75298790632962,107.67334045920416,112.18042511759552,103.0780544272866,113.11428791339424,112.39081819200224,107.08066954162092,107.72594769062104,103.42156090254495,119.0395481257476,96.6992094476013,118.04005027965437
2025-02-26,107.25556437481896,107.32583046050416,107.41063441110884,107.81151011182524,107.84269009298907,107.9606917015505,110.8231930551875,107.01841290367877,107.1889640232768,106.96002266398288,106.72667302370483,107.0563623229944,106.25491526589022,107.23519473816428,107.75298790632962,107.67334045920416,112.18042511759552,103.0780544272866,113.11428791339424,112.39081819200224,107.08066954162092,107.72594769062104,103.42156090254495,119.0395481257476,96.6992094476013,118.04005027965437
2025-02-27,107.23531809783265,107.36648372137986,107.49384162029548,107.78772349746112,107.82849276253783,107.87642324581068,110.39981697355982,107.00792611872004,107.31077063944448,107.07889943212166,106.84256352939754,106.96179861445704,106.23563132666273,107.12383333495734,107.7280262365848,107.66359658656845,112.1602510204753,103.08542846944889,113.07665581282605,111.4797319462564,107.28062545836362,107.84221480856104,103.39232113844294,122.2223980136324,96.6992094476013,118.0424936014128
2025-02-28,107.31075773776712,107.44198871923798,107.59688898825884,107.8530484447161,107.91103912426064,107.88062794077857,110.40201577443273,107.06463286743916,107.59208080700964,107.24133920768844,106.8838440557222,106.94978656715432,106.04287150189964,107.15215278715078,107.68484250880324,107.63277502496236,112.10965848392787,103.06305284930758,113.04959904671522,110.71670557750228,107.55181529656748,107.95848192650108,103.8925716060384,123.17167483749014,96.6992094476013,118.04316170498814
2025-03-01,107.31168301800211,107.43541175300749,107.5489581577712,107.84789979482474,107.96097443426652,108.0088093702554,110.40572406541732,107.30325160634794,108.18177635225724,107.65504218770172,107.11816572204152,107.07461325253138,106.15164470411251,107.2805615970621,107.75836455880672,107.7102593186128,112.1867550263718,103.1644871907667,113.0710419996472,110.55950819771547,107.34636017089106,108.07474904444106,103.69910489053092,120.0095804999366,96.6992094476013,118.04286681676346
2025-03-02,107.34933073632182,107.4729767531052,107.57677971055485,107.88245843496637,108.02175726335692,108.06371303547766,110.42164037006695,107.41527444009644,108.55018119068735,107.833991904278,107.104012345888,107.14313846830235,106.22350624181776,107.34834235628536,107.77549173544894,107.73003897192103,112.22102253077084,103.16859348480106,113.11043945501731,110.4221830088716,107.38428253532363,108.07474904444106,103.80297501322096,120.0095804999366,96.6992094476013,118.04328086492472
2025-03-03,107.33760086215425,107.45659400428391,107.53927715378197,107.87244373278574,108.0220679796919,108.10312074085644,110.4511137077868,107.47851195111154,108.63383286177012,107.91647952925015,107.18531351096485,107.19386480193192,106.2698730157352,107.40004146857252,107.7967690699412,107.75095826326698,112.25617867667144,103.1709458711006,113.15810413640118,110.46430901343932,107.27340078675245,108.21897982522192,103.37249176931913,120.0095804999366,96.6992094476013,118.0432079694346
2025-03-04,107.64325068381382,107.78358113018643,107.87818430570056,108.16427926497992,108.40574052173226,108.33698497870928,110.52497540699169,107.96672291270664,109.99994730284811,108.7110327197092,107.39730000119928,107.4829755413368,106.39396428212584,107.72597414231188,107.85732439918888,107.80208695838247,112.38051522882894,103.12614318735795,113.34784141259256,111.07377244769326,107.97376433310474,108.41516448389018,105.1220109599603,120.0095804999366,96.6992094476013,118.0435153552058
2025-03-05,107.77758632128972,107.928226451693,107.95348643896922,108.29531173880308,108.78894627207691,108.74032189784612,110.5715950768872,108.84035527958537,112.78861811857296,110.36728495817331,107.89932886795413,107.8479617744425,106.69707052775064,108.10476808425346,107.96299539528296,107.89837740407566,112.58837520229925,103.17421259005177,113.42420744852625,111.72566811658848,108.0227046607731,108.47786011731893,105.2010669375794,120.0095804999366,96.6992094476013,118.04426291490168
2025-03-06,107.86325121970098,107.99041389390428,107.96566998964838,108.34773415402525,108.95761523366528,108.916532193115,110.56346489299484,109.29036364126036,113.96112256614435,111.16953485424244,108.32419493669376,108.0690386955436,106.7901107894344,108.35441470915592,107.95717356076916,107.88574513793624,112.60759448181,103.11359504529992,113.4866204633178,112.11641424742062,108.06605745105344,108.84552798387617,105.33563602055152,117.83548174398707,96.6992094476013,118.01224249113258
2025-03-07,107.90339377483993,108.08870276298192,108.08021086982548,108.36328681497066,108.99851433672436,108.86603823493807,110.06597315079804,109.3885992965852,114.00540326013106,111.34714589034792,108.63770359945572,108.11568611241871,106.8307573676686,108.4024011345877,107.93765893570468,107.87180298074276,112.5689323092237,103.11312807242918,113.47050790327673,111.77241765600714,108.34197599636144,109.27165217370236,105.71930418870004,117.83548174398707,96.6992094476013,118.01259027535264
2025-03-08,107.88582024461516,108.0584579518548,108.0083999350474,108.33778921824296,109.03494553908804,108.96848442813642,110.0699128685562,109.64049092877244,114.8482678478462,111.8299222614374,108.75345823154144,108.21751941609462,106.9281467616039,108.50522603852552,107.93995740590066,107.87697678975404,112.54981487483016,103.11303090546517,113.51722582532834,111.60728661125522,108.17347044369704,109.18504728695947,105.33322827139742,117.83548174398707,96.6992094476013,118.01167289528654
2025-03-09,107.92133802467026,108.07959326538273,108.035501416505,108.3617671362322,109.06682450438645,108.98343613598496,110.11151767980226,109.65614281079507,114.81163411080536,111.86630617957393,108.8642657646252,108.21969697885017,106.93024123116244,108.50742214243974,107.94428853763512,107.88152241998684,112.54026740916132,103.12367584422265,113.52426893057508,111.5991276046674,108.22890259572551,109.18755655798336,105.4824929565926,117.83548174398707,96.6992094476013,118.01317285076055
2025-03-10,107.95605626284969,108.20077144720544,108.19038111023085,108.41073584255015,109.05103096692622,108.97079598778258,109.71271789276162,109.6007998163927,114.62065652049134,111.7041309561702,108.73144749960768,108.23378718211724,106.9045889220484,108.53038036688308,108.11537610506808,108.0539848056759,112.5924038169972,103.39156528854429,113.6157741632427,111.69016020516963,108.3616980218795,109.34780479266846,105.70619054824076,117.83548174398707,96.6992094476013,118.0138835336696
2025-03-11,108.11238069962864,108.33491897406694,108.22005040779604,108.52385166802053,109.2641333072227,109.22238642848625,109.69541685564104,110.19444619366443,115.39836443301226,112.49397594252731,109.53366325995884,108.6999186986166,107.48018320387496,108.9720867008066,108.15400324079644,108.09182523737626,112.6306457600937,103.40686818709362,113.70630686358815,111.7745967158218,108.38110418607552,109.65117706896406,105.4934799014014,117.83548174398707,96.6992094476013,118.01455741172184
2025-03-12,108.15855001371388,108.24753589030092,108.06907371701575,108.45013537987305,109.20344446595722,109.16608442926632,109.70644790072583,110.46924237007288,116.11213943676154,113.01511944138656,109.858466121587,108.81460698909052,107.60311134625904,109.08493637623452,107.76890698088788,107.69872506790588,111.55135678202848,103.3472455873757,113.34868322581316,111.85556403370968,108.53424018179471,109.82409679176573,105.53851082723315,119.3319989580198,96.6992094476013,118.01536449563558
2025-03-13,108.175853104033,108.1954401202336,107.97803453697112,108.4085643245944,109.16642622462786,109.1180931240663,109.73014024268151,110.55821709171718,116.19840806410168,113.13075277021544,110.00402957117,108.88625555027224,107.69044277670456,109.1530855105204,107.56849337352146,107.4869686906682,111.05890457560804,103.27235221056952,113.15037972731092,112.31563413964297,108.59482459209204,109.97758765279546,105.74755220140057,119.3319989580198,96.6992094476013,117.58399429651986
2025-03-14,108.2349697272583,108.1677018349332,107.94820789449668,108.43932739331186,109.14549545774196,109.0676745757325,110.12366821122556,110.38186263351965,115.44596123489652,112.7155223925406,109.93250877005704,108.865153108162,107.6254700789622,109.14177214143662,107.46733818319788,107.37452424026716,110.82631696048368,103.208646307814,113.0669125002634,112.87184681457602,108.66876782628223,110.12061355137938,105.82595167759598,119.3319989580198,96.6992094476013,117.58207411625683
2025-03-15,108.22730072392612,108.14881645218917,107.92963884200972,108.42061484516792,109.09622531058022,109.0125493574199,110.10602740453892,110.29029744242844,115.08284484781068,112.51367619069342,109.89503802150968,108.84526257265546,107.59481304971172,109.12428400801278,107.4315912771501,107.3381634372818,110.70198556777542,103.20264582335136,113.0643368162307,112.87184681457602,108.6725456237202,110.31048974868196,105.67003424831256,119.3319989580198,96.6992094476013,117.58207411625683
2025-03-16,108.28696060002756,108.22502167760328,108.02373018164948,108.47943840752836,109.17706358837816,109.0210020406924,110.05706786747612,110.3436127564144,115.27374840005572,112.61921883062686,109.91357611913088,108.86463391411404,107.61026412296088,109.14453010598308,107.42040358767592,107.32499326506866,110.72060917052532,103.19213353155736,113.00679740448902,112.97609808541252,108.90135990185416,110.30176795879744,106.30445595580008,119.3319989580198,96.6992094476013,117.5844342177315
2025-03-17,108.43074634232134,108.41328550972338,108.27331837120104,108.6450332146833,109.33619542021708,109.06802555167458,110.08209282443345,110.26521132140492,115.07824964763331,112.43033655675566,109.73143772454203,108.8580370084595,107.59700849741353,109.1394190064711,107.59066585752444,107.4890296361594,110.95549230024064,103.31502609221118,113.1830098953999,113.50889126938854,109.25840315312792,110.46422164431316,107.14152352244568,119.3319989580198,96.6992094476013,117.58495988221932
2025-03-18,108.59350614521396,108.61011041059412,108.47523783798674,108.82142012880938,109.6204351086344,109.35971676413128,110.13174448022995,110.62074765705437,115.7719299031322,113.05497928970593,110.28571361289032,109.0386737107999,107.74044167820765,109.32835718743311,107.9144336776196,107.81276626706313,111.44388141054613,103.44330535847172,113.77059145188193,113.83447522022234,109.30731744568564,110.78912901534468,107.29752360638136,119.3319989580198,95.7002816140706,117.5873338919308
2025-03-19,108.759349845394,108.83598591549332,108.72956970582835,109.02069346522866,109.91678969442992,109.54948773418502,110.1660586777407,110.87770093467452,116.49016215469187,113.49887507857753,110.44999057237771,109.17412791966632,107.81838991702828,109.47664310042624,108.10080588097132,107.99852008260224,111.98922475848391,103.50957601016408,113.80734947602188,114.05685583098575,109.64778493256532,110.9515827008604,107.38381639436852,118.72717429288484,95.7002816140706,119.524051448799
2025-03-20,108.83072427046224,108.88773498404376,108.79780280445868,109.07046584815626,110.00068559548134,109.6304735962436,110.20357370057836,110.87029318032867,116.40918065890178,113.48103828230504,110.49651433097978,109.17349828589668,107.80452108258804,109.47896762090777,108.27911523511152,108.09842445207296,112.13874238038042,103.60758577268555,113.85227235749429,118.80064751471085,109.6762381828627,111.11403638637616,107.56044677230032,115.68152485101308,95.7002816140706,120.044107945737
2025-03-21,108.86816298628824,108.9149572721364,108.80958928862856,109.09390777003549,109.9892473823681,109.61333566405632,110.20357370057836,110.81898088998804,115.64486581921918,113.23342331424664,110.77554832467764,109.24976849338888,107.7870813913352,109.57614796509505,108.28689572448027,108.10633855912008,112.15721345156516,103.6083424466067,113.86442279221176,118.80064751471085,109.692888462218,111.11403638637616,107.6061269207958,115.68152485101308,95.7002816140706,120.044107945737
2025-03-22,108.81076633757569,108.8524344763822,108.81720375195243,109.03847205783968,109.93213538802912,109.51831423961777,110.19208475167184,110.61080961550137,115.30343231401788,113.1440585728342,110.9431059477382,108.96438159237748,107.50687582941474,109.28960491611944,108.26434848532084,108.09475617508302,112.23533756412834,103.58558665573716,113.77170696552776,118.13962234562368,109.72461460960834,111.27625290409551,107.5512006630835,115.68152485101308,95.7002816140706,120.04388390619336
2025-03-23,108.77883924020162,108.81765273349508,108.77053945590676,109.00394795371705,109.89250544237989,109.50765259011226,110.15915825673508,110.60212690070772,115.16850264164096,113.1174380299033,111.02688003368957,108.96735716439905,107.50574906004864,109.29349587189816,108.26020801521835,108.0831843302238,112.2872815631724,103.55808921535576,113.72159786171778,118.56820704318396,109.6338733836264,111.27625290409551,107.30199545640826,115.68152485101308,95.7002816140706,120.04450711420952
2025-03-24,108.8178054525129,108.84055775327955,108.79653947826814,109.0214223570086,109.97731543319529,109.6104915656164,110.14295759248134,110.72219183865548,115.44963758097808,113.40212814323824,111.31519377613228,108.980427682677,107.51821968184964,109.30670024921876,108.39181934344654,108.15464259556676,112.4848062060312,103.58335694550306,113.75096953360509,122.20250059028352,109.60277680192658,111.43846942181491,107.29840313896068,115.68152485101308,94.97117974569515,120.04577794036592
2025-03-25,109.05003100044352,109.05740157923942,109.0739930146171,109.25175489131898,110.24747278369338,109.71163748581024,110.45693314695238,110.806768892206,115.42272964259172,113.57952039426743,111.70082003020867,109.004681592046,107.52676844513825,109.3344585562635,108.42847663574092,108.21571758471704,112.69090365107016,103.53387262741492,113.8991098390734,120.81732782937024,110.15200679566613,111.76290245725367,108.52117649343334,115.68152485101308,94.97117974569515,120.04559360962676
2025-03-26,109.09550840137972,109.03723943708566,108.98995506606954,109.29552854073042,110.42158718850048,109.96030830421684,110.89717045796417,111.27215733871932,117.0048294348471,114.47969970246682,111.9059484304226,109.18748752458818,107.59384834651983,109.54308723712953,108.40671788524072,108.2082047778022,112.7108626375084,103.5165558363242,113.88180842391068,119.96603503863504,109.97185150016573,111.92511897497306,108.50449617340728,115.68152485101308,92.9583065241193,120.04464266836273
2025-03-27,109.09942186900024,108.9922201857443,108.91585161091928,109.29596224819994,110.40835062031545,110.00712118184047,111.17945641187478,111.27376574399904,116.78975512483343,114.41085619709868,111.98615141349508,109.23488456017098,107.59332863986693,109.6011762662322,108.40682085298884,108.20902594273346,112.72862347733994,103.53940757820342,113.81035347842698,119.92431775014892,109.80364099013067,112.08733549269245,108.53962526063312,113.32160598628346,92.9583065241193,119.34740053862716
2025-03-28,109.17701890614065,109.05672901309995,108.97432445563122,109.3513789899161,110.48776464035788,110.05041690159456,111.17849344082134,111.37906648497376,116.80340105566805,114.54941037859068,112.25201896225532,109.31857297750328,107.74529247757184,109.66962991763234,108.40983373958996,108.21553131004164,112.72977360616876,103.52831144168258,113.86480371416845,119.72396526372168,109.92738618781472,112.24955201041182,108.73711709495758,113.32160598628346,92.9583065241193,119.34726597388638
2025-03-29,109.27977089635812,109.14705827103889,109.0909490155628,109.43038016165691,110.59436698010926,110.0997644469199,111.18724953663364,111.5078275882711,117.20066305438328,114.86586363085706,112.48610749032628,109.32534780192005,107.7510576427619,109.6766300342832,108.4015635061114,108.18815968395964,112.72981387972042,103.50062503615338,113.80532711824038,120.82795939416806,110.22487328619648,112.4117685281312,109.11369855983057,115.31839170226088,92.9583065241193,119.34610816109814
2025-03-30,109.27977089635812,109.14705827103889,109.0909490155628,109.43038016165691,110.59436698010926,110.0997644469199,111.18724953663364,111.5078275882711,117.20066305438328,114.86586363085706,112.48610749032628,109.32534780192005,107.7510576427619,109.6766300342832,108.4015635061114,108.18815968395964,112.72981387972042,103.50062503615338,113.80532711824038,120.82795939416806,110.22487328619648,112.4117685281312,109.11369855983057,115.31839170226088,92.9583065241193,119.34610816109814
2025-03-31,109.27977089635812,109.14705827103889,109.0909490155628,109.43038016165691,110.59436698010926,110.0997644469199,111.18724953663364,111.5078275882711,117.20066305438328,114.86586363085706,112.48610749032628,109.32534780192005,107.7510576427619,109.6766300342832,108.4015635061114,108.18815968395964,112.72981387972042,103.50062503615338,113.80532711824038,120.82795939416806,110.22487328619648,112.4117685281312,109.11369855983057,115.31839170226088,92.9583065241193,119.34610816109814
2025-04-01,109.62569770231252,109.55993672401502,109.59637751860151,109.79614492034784,111.02755004279209,110.3121126425151,111.260863884881,111.63804445258688,117.2105933177234,115.01365185235883,112.7744081340732,109.44414455894962,107.76746012813432,109.81827473209404,108.74115853044482,108.5117721032154,113.26591639624954,103.73673122026598,114.08076875867596,122.09821337302844,110.95866699358125,112.73620156356996,109.58986179606124,123.71402111359563,92.9583065241193,119.34599566435844
2025-04-02,109.67740784014772,109.61351006761116,109.65872488638654,109.84419493821098,111.12171273939332,110.39005845931456,111.27466394836507,111.76324041274889,117.62827951377788,115.291945592903,112.91062540817587,109.46983806982826,107.81938367187934,109.8381153546429,108.79979580090703,108.56705423947705,113.27766240344754,103.75875635502383,114.26668429654984,122.35221839939526,111.02988845548946,112.89841808128936,109.64338965967416,123.71402111359563,92.9583065241193,119.34553196927055
2025-04-03,110.24874661479204,110.24088155037144,110.36036142042684,110.38301795856246,111.18950927524828,110.89494413604912,111.26440097515643,111.85254830074726,116.75617519114904,114.91645812951263,113.04131719442697,109.86122921313763,108.5306229374662,110.15813657814604,109.87859199661014,109.66452188834576,113.18387910144034,105.91797583243792,114.28660691274328,122.34378538569474,111.2343519587199,113.0046782407928,109.58524059544028,125.60346404681844,92.9583065241193,119.9395275493156
2025-04-04,110.3103136877721,110.30110690047258,110.4197267205238,110.43581266163736,111.1641874953113,110.81429409888386,111.27111848960216,111.66779065158646,115.71351258924216,114.35055663683887,112.96135687761245,109.92418740847933,108.53771001174944,110.23356168247264,109.86068946630904,109.6397862774755,113.06011549880256,105.90228470604094,114.35919750083043,122.72376965719316,111.39934994718584,113.3943779029283,109.69710957032304,125.60346404681844,92.9583065241193,119.93838170265764
2025-04-05,111.0239020985458,110.328126094572,110.4172292282182,111.12859318412453,111.13020055953636,111.56775365787398,116.09226228940948,111.60667981872194,115.0583957017827,114.00953679730792,112.94048204539934,110.0449971212313,108.58009681747536,110.37187043991362,109.8381435944062,109.62094163383634,113.0399049402625,105.91083594034092,114.27735381019906,122.48570314834352,111.41738485485892,113.4586341000893,109.69056738593903,125.60346404681844,92.9583065241193,119.93777195858968
2025-04-06,111.0287907231654,110.32186099585842,110.39678907382562,111.12629505007142,111.1699154961252,111.6157718934551,116.11456316783764,111.75071489848368,115.60670639113174,114.3155258623515,112.9994835672674,110.08377386108428,108.62301859570924,110.4097222687346,109.80775174145649,109.593901008288,112.9919887725425,105.86418646980329,114.32159198240892,122.2601710304248,111.4052350448236,113.46652135384828,109.65139917767888,125.60346404681844,92.9583065241193,119.93516287925704
2025-04-07,111.09415333800382,110.3516330129473,110.42289679276476,111.19349934541329,111.2021425976148,111.66819735948852,116.41388374319853,111.7439941038066,115.3129635228404,114.23474099426628,113.13575721973815,110.12518934042514,108.70689572697098,110.44166298652038,109.82197433145606,109.61541518145904,113.0735225527998,105.85395658282728,114.34607935457936,121.84980844558608,111.4371123634384,113.60541048222278,109.61762993429588,125.60346404681844,92.9583065241193,119.93417564429532
2025-04-08,111.19201664103215,110.42308000221458,110.49610186771044,111.2778310929502,111.26576591493708,111.74261411305844,116.5781134370554,111.82058164845762,115.25985447805566,114.32783337651816,113.37786614715404,110.19104993813916,108.86410914952624,110.48713939771312,109.8607758533415,109.6768691208637,113.0211160147118,105.92479573154743,114.521829356714,120.5695712310658,111.52507713627922,113.92194230769589,109.58309152884098,125.59333520403592,92.9583065241193,119.93462078189076
2025-04-09,111.17006725075277,110.563311806903,110.63160138852922,111.28601163227631,111.37599424982182,111.8386896022427,115.76744858630003,112.17816203231494,115.87991027144864,114.99669704071216,114.0964774809228,110.3463187748457,108.98455179497184,110.65017924292128,110.05654820202264,109.8689541787111,113.47996636141578,106.04679519083342,114.55960478733756,120.9800526472438,111.5895039144796,114.09261783577712,109.60763078374175,125.59337480286548,92.9681898905712,119.93389672109086
2025-04-10,111.16905381765694,110.6416689420801,110.68698855310134,111.2505319890409,111.40406127820695,111.78831108604852,115.02607096496276,112.41075752117248,116.40007274380848,115.35430694738668,114.2884048615308,110.49766396250683,108.99048146421724,110.83397199917844,110.0054106338418,109.78487372686553,113.38013870334169,105.97991260573528,114.45381880588494,122.8471624187033,111.82006562940082,114.26144147932168,110.1308046512092,122.86281259194092,92.96797622417807,120.83217480005692
2025-04-11,111.24717528333936,110.73409215527676,110.78919777738078,111.2891126997788,111.40938995767024,111.7756982225374,114.7307761554034,112.4105186831999,115.97776421963746,115.25933970893176,114.52708188685398,110.55899171185632,109.06651837478913,110.89201759182995,110.08728448647014,109.83960603710004,113.17752623172936,106.12997678746912,114.59200796353798,124.50947446310003,111.98190695526328,114.4045891814356,110.4476844986647,122.88932709374603,92.96797622417807,120.8268595836502
2025-04-12,111.48743974940471,110.99669833384236,111.12651328229056,111.57702338401246,111.698654548457,112.01266357942008,115.17559921573393,112.3253947577954,115.14305326587876,115.00444596918324,114.86316977984131,110.58420584817588,109.08392698295287,110.91897342953756,110.54175588858276,110.27975054000822,114.06015065647668,106.29399920429368,115.15339160803312,125.79819390991771,112.19006686154827,114.568671905067,110.86516058313114,122.88277840613154,92.96797622417807,120.85337705261712
2025-04-13,111.48286438511434,111.0281922214368,111.15865332571794,111.60224998956092,111.75368913164542,112.11021159522052,115.16196261919464,112.41699867890377,115.54624557688057,115.19169629118556,114.83032013559308,110.61364654829988,109.08478103450186,110.95479286592492,110.68638017971978,110.4225577521621,114.36987921521404,106.34222802510422,115.3193185310202,126.0486257848931,112.08320638271816,114.56333457214164,110.57168733546963,122.893195626304,92.96797622417807,120.8617012285492
2025-04-14,111.52114378861224,111.10035524406791,111.2575872324962,111.67549066412911,111.75656569426366,112.09665651771527,115.24188577664803,112.2021589846599,114.65460479550684,114.66614945198516,114.67791640158588,110.60074395501113,109.08469122557082,110.93903126760088,110.82238694402984,110.55903542514892,114.62978833094988,106.37917353770725,115.54271735853489,126.15721177677064,112.1349844512244,114.71035015383414,110.57457887845956,122.9510552207262,92.96797622417807,120.86603331667042
2025-04-15,111.61651644687586,111.28122083077923,111.4869366378514,111.83034801330298,112.15159619190776,112.48481913537736,115.23546693241909,112.8040690858859,117.4681624658088,116.15293355217833,114.81237981900642,110.6275501586846,109.08773092395444,110.97114065568744,111.16228967016852,110.8968507493032,115.3655140448682,106.4742470735146,115.97642440536023,126.61866285744964,112.22809815511812,114.99045621296332,110.58467070425942,122.9493417041364,92.96797622417807,120.86681785881554
2025-04-16,111.5481785881376,111.0265823935263,111.14274972183388,111.6071243963583,112.00819218672584,112.30407122513736,115.20704554413274,113.08940557958124,118.60964516189404,116.83128446082353,115.0186813070762,110.65745579770926,109.1259947249779,110.99918128031918,110.4971574533735,110.21718299445544,113.74580634338672,106.30726526305736,115.2136115452882,126.79992761924612,112.30528292811542,115.14163576797831,110.66936628457202,122.94012664751156,92.96797622417807,120.85718716325675
2025-04-17,111.57457550359416,110.90463704413057,110.9568480829728,111.5172037229614,111.95341576272426,112.21876546012236,115.31570879371856,113.2039383792844,118.8870159054182,116.99698348882112,115.070558373294,110.73873426137185,109.23669702888972,111.0738941993601,110.15599914609554,109.81969237069178,112.68440107283156,106.2385491580644,114.83600239205184,129.73897141371086,112.3851419456786,115.28728881159071,110.89258649804133,125.7413069046394,92.96797622417807,119.51931373060536
2025-04-18,111.64933271176643,110.89841666593668,110.97466588687846,111.51322921958833,111.90465084232964,112.0551622723424,115.3256608834653,113.02859015653948,117.99989039040716,116.6789339452379,115.33254239652942,110.65613154351904,109.28156761720572,110.96284748260578,109.93818815373562,109.59503317826592,112.1291854525472,106.19689667707334,114.57567587733716,129.91992762374912,112.70751646241384,115.43294185520314,111.63710057613456,125.83256959350985,92.96797622417807,119.5162687364458
2025-04-19,111.48667803780506,110.71059506790644,110.82870396282034,111.35073813024898,111.71642251439307,111.91747532876306,115.3202434140802,112.74153267975048,117.59602639223294,116.4438438147151,115.26947588561929,110.33529906213268,108.68042383583727,110.7045627968984,109.8879398145006,109.55106074719596,111.90674110524772,106.27198395721337,114.4646653387074,129.50423634806802,112.43345337743096,115.57859489881554,110.76081200501037,125.81728168586712,92.96797622417807,119.51413266209453
2025-04-20,111.4616145265924,110.68102374913644,110.80685953763,111.32416561679808,111.59735899342552,111.79184285287091,115.31226639007494,112.48395428720896,116.81583407460388,115.87322349064893,114.91246287768443,110.28117521241582,108.68496975564769,110.63734755644144,109.83924052613932,109.51283291041295,111.75767727637653,106.31470279204024,114.36827247428585,128.84578976689252,112.43218689594283,115.57859489881554,110.75350535715114,125.84681385927792,92.96797622417807,119.51273271531092
2025-04-21,111.465126344561,110.68765419139474,110.81412258190552,111.3255135843878,111.7583797984409,111.9525543006666,115.28085791251586,112.90449427191732,118.79997391144566,116.93371131124572,115.0315137014994,110.28579553502604,108.68668804042204,110.6426154307901,109.83364110349902,109.50082946415304,111.7398787563784,106.37024727886168,114.20384562768488,129.21309337837036,112.46364909772188,115.72424794242792,110.71065865774058,125.85963202951356,92.96797622417807,119.51199427114332
2025-04-22,111.70733289618158,111.05638452398178,111.22253168660347,111.66657297646016,112.15012049030273,112.306095337659,115.45033074676611,113.02200188976884,118.43999314916712,116.85867168381444,115.24690176927388,110.5284448921018,108.74320642417298,110.92679747702174,110.47251519353712,110.10868207959268,113.17630697908028,106.53362745427924,114.86747296715846,131.65833213660113,112.6215525423135,116.01555402965276,110.8901360936412,125.84653894929656,92.97015041922675,119.51177254838238
2025-04-23,111.74291125869723,111.02527142899616,111.17279331307512,111.67988273555972,112.21966321788062,112.34447876747709,115.73910510805716,113.22269757314749,119.32917222308949,117.32497573594048,115.2821883131478,110.55651440693272,108.7459415989764,110.96052001805532,110.26833050160198,109.93054473221378,112.77216491259834,106.40501514745374,114.84331098801036,129.9374238357571,112.73308624819148,116.1612070732652,111.16502427884524,124.88905397465402,92.97015041922675,119.62480245243988
2025-04-24,111.9083472349793,111.14897089179902,111.25569935018152,111.785606867597,112.33343364710686,112.41013906179548,115.73336482744962,113.47862175696103,119.40274127500948,117.58490326910812,115.73206267241972,110.80983670412796,108.6304418970304,111.29614011432484,110.1862683207588,109.83840324213904,112.51928138887102,106.38492565039382,114.77379225433832,130.44227469858606,113.0358560260808,116.1612070732652,111.98992380428028,124.92814327570552,92.97015041922675,119.62460231665598
2025-04-25,111.97689656145404,111.25241693940076,111.36791714073222,111.87439795408422,112.46193936085736,112.48334501020204,115.73128100018648,113.6159916647705,120.08528055246472,117.81735524282642,115.5057608816604,110.88541016774832,108.5944254139072,111.39661341319687,110.22882953781388,109.89517478372828,112.55623362230556,106.42762042939594,114.88752492148764,129.6573759546142,113.2177155870999,116.45251316049,112.243450876,124.86037163915606,92.97015041922675,119.62560482039386
2025-04-26,112.00975642455252,111.28262200483468,111.3994206328944,111.90965919934328,112.53441910607886,112.55383856906462,115.79789544399222,113.71018048550152,120.08223083086082,118.01633970128742,115.91066970165838,110.91148942737192,108.59641376805594,111.42806824288652,110.2790490801326,109.93846327154986,112.64955669375098,106.4331329450992,114.95998289636688,130.1111872706648,113.23441685227554,116.5981662041024,112.16839446423047,124.8151400303241,92.97015041922675,119.62578175577418
2025-04-27,112.05096017316129,111.3448340340301,111.48379135191816,111.95939719849756,112.55394342556492,112.52829815732731,115.77028240855446,113.61075241109572,119.6737334410568,117.77654221990076,115.84282045656045,110.90329128304217,108.59641376805594,111.41804079001112,110.32203261147455,109.983388665954,112.7001815311154,106.43586754435036,115.09762051792892,130.04109710479062,113.36833181089484,116.5981662041024,112.54019223620324,124.78572040514884,92.97015041922675,119.62575560057115
2025-04-28,112.13204776087952,111.43907272470692,111.58775645953745,112.05540002490972,112.58549258896242,112.53257950666998,115.87722458045742,113.45165820956444,118.71936007261652,117.27521475391418,115.80326232178189,110.96662387277168,108.59533690011706,111.49574550672337,110.4376789405762,110.10148178303648,112.85248419574948,106.50283935443998,115.29533224072894,130.01426821579497,113.45455181202549,116.7438192477148,112.64959692135253,124.77713833988568,92.97015041922675,119.6278662955846
2025-04-29,112.20289964538463,111.4950027408418,111.66500505711625,112.10701911745414,112.62334139289013,112.54807670786182,115.90211178293424,113.3864320020731,117.91872217540394,117.12780163403907,116.3216518654469,110.95481319528216,108.599274015416,111.4804209155037,110.52367635468428,110.18074845213688,112.8967978290721,106.55243059366587,115.48649710706148,130.4921934840661,113.52926566512048,117.0351253349396,112.60193626996544,124.75833849191896,92.97015041922675,119.62868485136867
2025-04-30,112.42394501495583,111.75157529900704,111.8981467441408,112.32938936400068,112.87334845539478,112.71656343110271,115.9123946623341,113.69397253804352,118.73266816492529,117.39920797413592,116.04007191936007,111.28583833686451,109.2764529566189,111.73420636987568,110.62389342584888,110.28957149098532,113.03527727276662,106.55829971347752,115.80268483055036,130.09128943958862,113.91855444817796,117.180778378552,113.53325355796974,124.8340722601206,92.97015041922675,119.6234348557382
2025-05-01,112.5364759981941,111.90192561010824,112.03318839657985,112.4693449773747,112.8443136878498,112.66378467929526,115.98789310983464,113.34192669606855,116.62289457187072,116.19931354993938,115.76757644747296,111.48483255792584,109.37719640737248,111.95512396365474,110.7974888617992,110.47612955493278,113.1887628430011,106.70866689236432,116.11425972711392,129.5100776484821,113.98889029683708,117.32643142216438,114.34289016576074,122.64404940112844,92.97015041922675,118.60760721165876
2025-05-02,112.6118361644872,111.98047729850173,112.11110730908904,112.53714359573344,112.82655490999116,112.62648698502504,115.98901230787092,113.14403627016058,114.91366707993664,115.57298639861324,116.24500095428824,111.5653949184376,109.55317882036653,112.0143945890609,110.89305667607503,110.56717427486755,113.29700505930823,106.7413381837934,116.32241869007528,129.8690229428546,114.05032289178524,117.32643142216438,114.4910869302792,122.78203515816124,92.97015041922675,118.607002368778
2025-05-03,112.86940138112152,112.12488664009808,112.29994726827834,112.78729355749616,112.7982128050204,113.0583762343992,116.8948562467429,113.26412876530011,115.59789735806189,115.87288868601384,116.15317499013588,111.56862409465464,109.45490992270824,112.04027173126067,111.43339137261104,111.12680574010209,113.2095868593526,107.80146412140893,116.47657890763747,129.28571662494588,113.77344014764697,117.01553253038936,114.01685177606385,122.69483707818546,92.97015041922675,118.606721803781
2025-05-04,113.14199822364591,112.41624841728796,112.68017140581904,113.03578754340192,112.881600272912,113.36803002214224,116.87752852181708,113.36027147310274,115.97244276602846,116.10311534004994,116.236304023109,111.57762196582732,109.52045339251194,112.03665219261096,112.06123228931156,111.75044745048952,113.1596515785818,108.9057725792314,116.77331710125657,130.1580751868137,113.84792618651136,117.15216705484032,114.10167393466658,122.69488933982528,92.97015041922675,118.60639786040949
2025-05-05,113.18900900690852,112.4597450693658,112.74358203663309,113.07800268380868,112.95966747534108,113.43607505638047,116.91179705208476,113.39747262389211,115.93659941656983,116.22799090476936,116.52499315530696,111.55784110875388,109.21612535206968,112.08036431312168,112.17020373277164,111.85647284202122,113.2686636881689,109.01556493708942,116.86687600965185,130.43859373379115,113.85781169272168,117.12757636363156,114.15063233882806,122.694894899787,92.97015041922675,118.60565976363912
2025-05-06,113.34033834637204,112.57640529575625,112.82374360043838,113.2188955713115,113.16955684028532,113.68936097478164,117.20295584417327,113.74890488475258,116.29378883556636,116.76220663208268,117.23964384418804,111.79047737822115,109.28032496331376,112.3505850170519,112.31931964132298,111.97628832942164,113.45391663030824,109.05880372357984,117.0889473347836,132.29385824472573,113.88816701179594,117.0548882288308,114.29779955028746,122.6949104580478,92.97015041922675,118.6050908922294
2025-05-07,113.22404848282912,112.4827572326219,112.72963696634876,113.06771666859288,113.0066783541561,113.43334321953355,116.69503016851029,113.6797250933584,116.85642137784312,116.72843255145484,116.59797929176676,111.69828644367996,108.34081848148,112.44746145057968,111.98630031334324,111.62228669384096,112.60373081309623,108.92748489630648,116.80414099387848,133.18262800311507,114.12049450767525,117.05375077111924,114.93492431693188,122.70483666569626,92.97015041922675,118.60456028127648
2025-05-08,113.38046591728089,112.56821765209632,112.80257057195251,113.15159263071608,113.04249395631756,113.36641321992848,116.76908096467058,113.61975279204088,115.90190622140337,116.383448126573,116.87426215291008,111.8235513437073,108.35605658218503,112.5972773899824,111.86020934806108,111.48699245380072,112.06790866722548,108.95296169528864,116.76948735750474,133.59243904023154,114.45496710109371,116.95789447429443,115.18780002281812,122.99566644921256,92.97015041922675,120.32106740257656
2025-05-09,113.33335822809704,112.59164745591218,112.8157704202774,113.1703380003234,112.88135177377936,113.2166739078438,116.75877831761343,113.20257758695864,114.48865272431404,115.23832839738272,116.00243912501746,111.87948726349173,108.41267130600772,112.6530618435352,111.90348007282871,111.54556182699784,112.22808612198044,108.97804045313532,116.7853152184246,132.7448772577813,114.41118177735385,116.868791517957,115.14405380784308,123.0087875843216,92.97015041922675,120.32032173220688
2025-05-10,113.24570299186024,112.49786255175388,112.7077295594205,113.09210768663048,112.7008179433076,113.11117214894765,116.7770014885748,112.90462134130956,113.70125139566412,114.55652892696452,115.42827488358122,111.83100126430897,108.32979333028872,112.61224996352465,111.92811978626568,111.56678027922956,112.35755848508737,108.95971162103336,116.77011813090373,132.9687352689234,114.14078823111863,116.77857053317362,114.49909545464554,122.88734080335972,92.97015041922675,120.32096946631545
2025-05-11,113.27295519493134,112.5384571379526,112.74297708406584,113.12713580519537,112.70378188935098,113.10949195552824,116.7775121313054,112.84121081556025,113.5105057107605,114.30695050367706,115.11873089364926,111.88858636460164,108.32979333028872,112.68268442482233,111.98222023188671,111.61897886585922,112.4045487235865,108.95300161217548,116.96754248334278,133.13357999509154,114.15474483004722,116.7861472009279,114.5311305803004,122.88395455086804,92.97015041922675,120.32127384862018
2025-05-12,113.39197974497208,112.68536566695492,112.91853504248668,113.25823679174152,112.90399844121713,113.24605691898928,116.8105910865347,113.02666669132005,113.76934998529904,114.69178574188416,115.63198305984614,111.94446012068242,108.32979333028872,112.75102567785876,112.11270071041676,111.75576891396484,112.58059949274038,109.00806342513089,117.25011006029096,132.89665745038067,114.37899618003716,116.70185532514704,115.22058501825038,122.87790382758575,92.97015041922675,120.32249360878389
2025-05-13,113.50100810952736,112.79471646185664,113.02980431917818,113.35063074792173,113.11630383882444,113.40765146839853,116.7978362644788,113.3615187031331,114.30454622637592,115.38298102796024,116.48218116282928,112.04771485860738,108.28575558747744,112.88714680394108,112.18070878500538,111.83209104043824,112.87656218533728,109.01016994847384,117.23833607180808,132.4805425176495,114.53415988528975,116.52423200676184,115.80714810399834,122.8422627854262,92.97015041922675,120.32249360878389
2025-05-14,113.59626861697328,112.86097383495166,113.08063263996485,113.45797587658429,113.3696249622552,113.66948513194995,117.15996516324002,113.83549651347766,116.66681525566864,116.4088573217268,116.14593239074075,112.16299869756172,108.5649483775854,112.96585650697104,112.21047712577716,111.86531535189135,112.846507426243,109.0647101610046,117.29709642633937,132.3090714455996,114.6070992487583,116.4516398754542,116.06378214631192,122.8890495163431,92.97015041922675,120.32265179419726
2025-05-15,113.84823960685266,113.03301844826676,113.26018685786045,113.68869718031095,113.64932060192058,113.83082667660608,117.75453862178622,114.0352729076147,116.3941849273481,116.68801775659568,116.98750835636436,112.31118122490912,108.57916639877044,113.14393145949074,112.17438104213824,111.83392880844843,112.8527189580455,109.02684101762571,117.23595073672698,131.99874123467902,115.05159993929644,116.35207179708313,116.59020655330195,125.81403629095624,92.97015041922675,121.1592456114253
2025-05-16,113.90181046769143,113.17662466449843,113.42716488697506,113.81312006755871,113.68184116899424,113.79396765268068,117.76000634066249,113.82093617298608,115.4665134683014,116.03720456662018,116.6188843597046,112.38052251783355,108.99571420382684,113.13579816619408,112.2844056529052,111.93742182812971,113.2302486656217,109.0382587662927,117.22830163973026,132.48909706815652,115.2983166078677,116.26681902965672,117.34379565006624,125.79749095320958,92.97015041922675,121.1602384340124
2025-05-17,113.81002007951354,113.05777051317696,113.28136482507216,113.7110327290752,113.54182809276811,113.7056912925844,117.7618894363965,113.69863614422684,114.79367009526462,115.7778620912062,116.78100476898956,112.34729013632504,108.89936895003868,113.1166485956186,112.19357121700388,111.8465777327708,113.07016649675866,109.00089712784786,117.09424284406748,132.3988250975496,115.08349058154651,116.180502448983,116.8892103140073,125.39035357456348,92.97015041922675,121.16403297974313
2025-05-18,113.77226683967004,112.99540147307948,113.194122658002,113.67607596230616,113.4899337727543,113.71417318514315,117.89691524105586,113.6723403460438,114.85016330197928,115.68546326770692,116.53684698940724,112.36395650851172,108.9525220938174,113.12517342254952,112.18656452298896,111.84018484340012,113.01335450700044,108.99038805262605,117.15797851179389,132.35607687168016,114.89469985266088,116.180502448983,116.38247115618572,125.31036235726287,92.97015041922675,121.16580515732171
2025-05-19,113.78789977931714,113.05331759720345,113.25354209928643,113.7300457254538,113.5563527643939,113.8149417398506,117.92641375446436,113.71200442714164,114.83621722948182,115.7043939741722,116.58928751938411,112.41709577881674,108.94220695888524,113.19247171239442,112.37004268151183,112.02066081795284,113.45222000454808,109.03511251278093,117.34910886169318,132.71437067392358,114.80206948964832,116.0941858683093,116.26778669177936,124.87951321163672,92.97015041922675,121.16687968181913
2025-05-20,114.04924697510832,113.2950486965902,113.38010530713542,113.93167188426084,113.80784990609568,114.10266525841296,117.87935054537262,114.4638777442519,115.91842238419224,116.67812493944238,117.45245561753676,113.02477772144024,111.71822188393465,113.31631854613263,112.35752474622916,112.0031653939112,113.50283437096668,109.03827376325268,117.20126174057118,132.99168937429272,115.10957366941255,116.00786928763556,116.42054204816694,130.01544276303616,92.97015041922675,121.16689950663066
2025-05-21,114.07114758504876,113.34059926901972,113.39415471776854,113.97238156445066,113.86051561336387,114.14700618939771,117.89004201798588,114.55938112489896,116.13789918509818,116.69647591602704,117.26580807877782,113.17042456695758,111.60738349861576,113.5191967120214,112.36755249222576,112.00753917909734,113.51515204597035,109.00879472739018,117.2759862324506,133.3309443790047,115.13577588928248,115.83523612628812,116.34266713253707,132.8995088704555,92.97015041922675,120.85181497688326
2025-05-22,114.26568911353375,113.4653528775062,113.54473705352233,114.0798523117209,114.2289395852994,114.43038627234056,117.89034233265558,115.2665360200397,117.97054292030872,118.42601133084054,118.89024981567955,113.21310630283266,111.84610316005512,113.51813515208823,112.3683527269112,112.00629091205336,113.54973446076288,108.98981357911222,117.27363977081455,133.45102782619304,115.47706097207858,115.7489195456144,116.71728647030304,137.1786069870729,92.97015041922675,120.84863311949736
2025-05-23,114.1612477131258,113.34441347227592,113.42475984199824,113.97590916003338,113.92472274481138,114.16892870680498,117.89179236916632,114.59940229685286,114.89727613694716,116.9231890846944,118.9881111199675,113.08910948643124,111.16882548728924,113.51759571310664,112.38043246227858,112.01455056579856,113.48368547382924,108.98175856717202,117.40943497788324,133.6855489690437,115.19601529327376,115.66260296494067,116.96478237111556,130.84313071510363,92.97015041922675,120.85478316009096
2025-05-24,114.12885244138648,113.28376214026493,113.35298165622072,113.9214244275206,113.86533669936752,114.12842840271168,117.87554650969813,114.53687501680176,114.18536791822116,116.8033754160484,119.47179282104346,113.0638142025696,110.75821014015914,113.57827955527324,112.35104825061742,111.97855135076364,113.42622268440331,108.95945476249118,117.36684358662608,134.04135303514897,115.07929789312676,115.57628638426698,116.3686802866705,133.1955861878406,92.97015041922675,120.85577178728347
